acc_x, acc_y, angular_z, stamp, 
0.011111080646514893, -0.01098722219467163, -7.377159840489209e-07, 1791403585789184853, 
0.002306818962097168, -0.00933605432510376, -9.890750496449288e-07, 1791403585819321903, 
0.011438906192779541, -0.005801796913146973, -1.6557805670458867e-10, 1791403585849908704, 
0.016841650009155273, 0.006654560565948486, -9.169863199220287e-07, 1791403585882415043, 
-0.0207521915435791, 0.004747331142425537, -1.092893925881768e-06, 1791403585909689279, 
-0.018694698810577393, -0.020486116409301758, -9.9999762197127e-07, 1791403585939497012, 
0.0031311511993408203, 0.002808868885040283, -1.1483118033786402e-10, 1791403585969469853, 
0.00326615571975708, 0.017203152179718018, -7.203891228010012e-11, 1791403585999548658, 
0.021226584911346436, 0.0010346174240112305, -9.921628061753523e-07, 1791403586029588279, 
-0.027372300624847412, 0.015345573425292969, -9.92972788136537e-07, 1791403586059603890, 
0.004897177219390869, -0.006230413913726807, -9.856282376874805e-07, 1791403586089843455, 
-0.016597986221313477, -0.0420994758605957, -7.62034489074106e-11, 1791403586120780515, 
0.00887686014175415, 0.01730293035507202, -1.7736065044791444e-11, 1791403586151749983, 
0.02516639232635498, -0.0060956478118896484, 7.72649873141377e-12, 1791403586178796636, 
0.014296889305114746, 0.008207261562347412, 1.153179701612154e-13, 1791403586210093005, 
-0.0037723779678344727, -0.0151938796043396, -1.1008866813642318e-11, 1791403586232315255, 
-0.028803229331970215, 0.020907700061798096, -1.7407860189022383e-11, 1791403586269940032, 
0.016422569751739502, 0.006466925144195557, 2.0533055536549242e-11, 1791403586300009202, 
0.012989401817321777, -0.00260317325592041, 9.760529481632451e-07, 1791403586330544288, 
-0.005017995834350586, -0.022478818893432617, 6.001209149398922e-11, 1791403586361998493, 
-0.02278810739517212, -0.015172958374023438, 6.347933968051369e-11, 1791403586393251909, 
-0.015359938144683838, 0.022667109966278076, 1.1013630073672639e-06, 1791403586420313129, 
0.00803905725479126, 0.0011066198348999023, 6.402058701591513e-11, 1791403586450258996, 
0.006059587001800537, 0.002785980701446533, 6.01217869555527e-11, 1791403586480342099, 
-0.01378566026687622, -0.018741846084594727, 4.765325062254448e-11, 1791403586510345915, 
-0.0064473748207092285, 0.017186462879180908, 3.932784254994102e-11, 1791403586540492480, 
0.013373196125030518, 0.018865108489990234, 5.531384637523787e-11, 1791403586570481673, 
0.020321249961853027, -0.00837099552154541, 7.909092145485411e-11, 1791403586601711190, 
-0.024798929691314697, 0.006020903587341309, 9.329552537318567e-07, 1791403586633656355, 
-0.03724926710128784, 0.002484440803527832, 3.744645781429961e-11, 1791403586660675981, 
0.0006654262542724609, 0.02561575174331665, 8.183880834321573e-11, 1791403586690645122, 
0.02758103609085083, -0.010529756546020508, 1.0938157137763811e-10, 1791403586720714503, 
-0.004876196384429932, -0.024827182292938232, 6.955742488555147e-11, 1791403586749789109, 
-0.031667232513427734, -0.02994990348815918, 4.989874346694018e-11, 1791403586780897556, 
0.024279475212097168, 0.025877833366394043, 7.945335427752017e-11, 1791403586810859406, 
0.04028666019439697, -0.004824638366699219, 7.390674274094018e-11, 1791403586842366231, 
0.014504492282867432, 0.0004405975341796875, 1.1814026578919046e-11, 1791403586873692663, 
-0.036275267601013184, 0.013122081756591797, -9.360643169907617e-11, 1791403586900433198, 
-0.02374476194381714, -0.0011860132217407227, -8.764151811449991e-11, 1791403586931067829, 
0.06065797805786133, 0.013057887554168701, -7.956704054647482e-11, 1791403586961167559, 
0.0081329345703125, -0.008637189865112305, -1.4443199427402885e-10, 1791403586991139826, 
-0.010197162628173828, -0.03366899490356445, -1.922905452607261e-10, 1791403587021236575, 
-0.026355385780334473, -0.004813075065612793, -9.929434723918472e-07, 1791403587051254693, 
0.022329628467559814, 0.01853656768798828, -9.779862336603595e-07, 1791403587081731110, 
0.029231548309326172, -0.0031378865242004395, -1.356110267559462e-10, 1791403587113673311, 
-0.01983809471130371, -0.011906802654266357, -7.89430293981931e-07, 1791403587151434904, 
-0.005568802356719971, 0.00442814826965332, -9.900443140223401e-07, 1791403587181538940, 
0.03769940137863159, 0.024188518524169922, -9.871105238044985e-07, 1791403587211732351, 
0.04292231798171997, -0.010252773761749268, -9.930590587535963e-07, 1791403587241747272, 
0.01029890775680542, -0.030142486095428467, -9.3289931844857e-07, 1791403587273700914, 
-0.02914506196975708, -0.008501112461090088, -1.063492590972828e-06, 1791403587301729782, 
0.016083598136901855, 0.029169738292694092, -1.3978228564173124e-10, 1791403587332395659, 
0.03770691156387329, 0.007410705089569092, -9.931418870640531e-07, 1791403587362408320, 
0.015906035900115967, -0.021497786045074463, -9.93400246591588e-07, 1791403587392416834, 
-0.0488094687461853, -0.017936766147613525, -9.92172334488065e-07, 1791403587422463328, 
-0.003600597381591797, 0.005487322807312012, -2.0451358715971543e-10, 1791403587452527280, 
0.028790175914764404, -0.0018318891525268555, -1.8577452103025053e-10, 1791403587482588689, 
0.005146145820617676, -0.014522731304168701, -9.500255156677623e-07, 1791403587513966124, 
-0.048821091651916504, 0.0018096566200256348, -1.0082851023023263e-06, 1791403587543531199, 
-7.62939453125e-05, 0.0019814372062683105, -1.0316661879994255e-06, 1791403587572423370, 
0.007196187973022461, 0.03251957893371582, -8.89744412328586e-11, 1791403587602482873, 
0.03748351335525513, 0.0018960237503051758, -1.3433968266120898e-10, 1791403587632485541, 
-0.01851940155029297, -0.017790615558624268, -1.5786963454719786e-10, 1791403587662520435, 
-0.03104466199874878, -0.005050778388977051, -9.92607135710064e-07, 1791403587692547554, 
0.021343588829040527, 0.02916651964187622, -9.911311262437674e-07, 1791403587722618164, 
0.03211617469787598, -0.01228111982345581, -6.385587615282229e-11, 1791403587752774531, 
-0.009519755840301514, -0.033757150173187256, -5.848496803147559e-11, 1791403587784772114, 
-0.007850348949432373, -0.004585087299346924, -1.068157142597109e-06, 1791403587812671749, 
-0.020428717136383057, 0.019049882888793945, 1.2964840898218679e-10, 1791403587842703168, 
0.0101051926612854, 0.0011419057846069336, -9.94649693460334e-07, 1791403587872660558, 
0.017069220542907715, -0.004072427749633789, 1.876216832931999e-10, 1791403587902713025, 
-0.036955177783966064, -0.032545387744903564, -9.924518494586471e-07, 1791403587932733831, 
-0.020600855350494385, 0.00729900598526001, 3.4078063297579797e-10, 1791403587962762565, 
-0.0078015923500061035, 0.02887207269668579, 2.8135129265287873e-10, 1791403587994216339, 
0.017321527004241943, -4.076957702636719e-05, -9.390984907028605e-07, 1791403588025943521, 
-0.017472028732299805, -0.008363664150238037, 8.063618561027673e-05, 1791403588052923634, 
0.15401428937911987, 0.25334399938583374, 0.029215051294714096, 1791403588082904645, 
-0.2052873969078064, 0.6618889570236206, 0.30055463488894724, 1791403588112955778, 
-0.2147839069366455, 0.7719486951828003, 0.6124017792046734, 1791403588142989323, 
0.003156721591949463, -0.07945644855499268, 0.8128533804491354, 1791403588173103769, 
-0.27159804105758667, -0.039914071559906006, 1.0052707072879592, 1791403588203155883, 
-0.059585392475128174, 0.44159823656082153, 1.2362014725228614, 1791403588232805485, 
-0.10839390754699707, 0.6369426846504211, 1.3006736501795106, 1791403588264803235, 
-0.22855794429779053, 0.17698514461517334, 1.6821404330441243, 1791403588293343125, 
-0.10200875997543335, 0.06834757328033447, 1.762794248011624, 1791403588323348342, 
0.030453264713287354, -0.04069697856903076, 1.9636471253207903, 1791403588353394415, 
-0.1218256950378418, 0.058576107025146484, 2.063103916249233, 1791403588383472398, 
0.02087724208831787, 0.14078450202941895, 2.0063299801174543, 1791403588413531768, 
-0.7374870181083679, -0.470241904258728, 1.9501435582665692, 1791403588443533907, 
0.049627482891082764, -0.30535048246383667, 1.89755546157161, 1791403588473818240, 
-0.21271908283233643, 0.145124614238739, 1.7576679413263399, 1791403588506220114, 
-0.28945308923721313, 0.33372896909713745, 2.0585026834767612, 1791403588533737966, 
-0.013778388500213623, -0.25200241804122925, 1.8811016569649022, 1791403588563687923, 
-0.08309108018875122, -0.10609972476959229, 1.890543543804114, 1791403588593752946, 
-0.03151625394821167, 0.22291284799575806, 1.7410314931749715, 1791403588615927452, 
-0.45580893754959106, 0.16377931833267212, 2.019253904004805, 1791403588653849596, 
0.15446960926055908, 0.08948558568954468, 1.8875774501524667, 1791403588683898469, 
-0.2492629885673523, -0.3951314091682434, 1.9004411411689377, 1791403588713976873, 
0.031053662300109863, 0.02494579553604126, 1.7697106393106417, 1791403588746136277, 
-0.007986485958099365, 0.40863317251205444, 1.9110765953350295, 1791403588776407299, 
-0.636569619178772, -0.08891266584396362, 2.0634756051175582, 1791403588804120786, 
-0.29645872116088867, -0.10284686088562012, 1.9115373936308508, 1791403588834168799, 
-0.02956753969192505, -0.2909674048423767, 1.9383035543080145, 1791403588864271857, 
-0.22079801559448242, 0.27925729751586914, 1.9228837138682693, 1791403588894299377, 
-0.22818809747695923, 0.2565464973449707, 1.901113730390034, 1791403588924443820, 
-0.10218644142150879, -0.24133652448654175, 1.890598975516234, 1791403588954498933, 
0.14064687490463257, -0.12809425592422485, 1.8052970451408863, 1791403588985850642, 
-0.34784483909606934, -0.08186882734298706, 1.7983312063169876, 1791403589017338131, 
0.025016486644744873, 0.35517895221710205, 2.0604611035645206, 1791403589044566771, 
-0.48124992847442627, -0.12946730852127075, 1.9022951426367922, 1791403589074532485, 
-0.24327045679092407, -0.15212631225585938, 1.9179380901070362, 1791403589104614777, 
-0.18213069438934326, 0.32489466667175293, 1.9120534308688297, 1791403589134611155, 
-0.052617430686950684, 0.015889525413513184, 1.907343042814893, 1791403589164717378, 
-0.4557611346244812, -0.22224211692810059, 1.9515752857757047, 1791403589193772964, 
-0.28326016664505005, 0.17295736074447632, 1.7309157009172547, 1791403589226672579, 
-0.227985680103302, 0.22703617811203003, 1.8172257376244088, 1791403589258222924, 
-0.4923052191734314, -0.02599245309829712, 2.130833104053224, 1791403589284945512, 
0.0016024112701416016, -0.05486863851547241, 1.8887967625711317, 1791403589314960169, 
-0.05765676498413086, -0.12373721599578857, 1.8900158079138696, 1791403589345021463, 
-0.0007069706916809082, 0.1695365309715271, 1.9165293697264865, 1791403589375063977, 
-0.4335166811943054, 0.17489290237426758, 1.9251455609759445, 1791403589405112060, 
-0.13026386499404907, -0.14574426412582397, 1.956449946047402, 1791403589434173994, 
0.08085304498672485, 0.2759019732475281, 1.732469995263638, 1791403589466570159, 
0.0364232063293457, -0.2106701135635376, 1.804951823953494, 1791403589497895888, 
-0.2034204602241516, -0.29886889457702637, 2.0633791801899455, 1791403589525321996, 
-0.16403347253799438, 0.3978400230407715, 1.8945214079886175, 1791403589555370082, 
-0.11040151119232178, 0.27561044692993164, 1.924763805387944, 1791403589585356589, 
-0.16910475492477417, 0.046512722969055176, 1.9172578025523568, 1791403589615487887, 
-0.03244304656982422, 0.1648184061050415, 1.90538634764649, 1791403589645516380, 
0.000845789909362793, 0.072429358959198, 1.8876069095518293, 1791403589675590829, 
-0.17612755298614502, -0.47005659341812134, 1.848381243418946, 1791403589705882126, 
-0.18666499853134155, -0.045281827449798584, 1.7353173812227036, 1791403589737883861, 
0.1404162049293518, 0.2808557152748108, 1.9738683850446193, 1791403589765766640, 
-0.4022523760795593, 0.01990222930908203, 1.7827952628643768, 1791403589795760938, 
-0.22085988521575928, 0.0943671464920044, 1.8003603908902095, 1791403589824783595, 
-0.21676671504974365, 0.21812796592712402, 1.6811247716103035, 1791403589855842461, 
0.21009427309036255, -0.1335204839706421, 1.7251013993627657, 1791403589885897034, 
-0.07694351673126221, -0.36435389518737793, 1.6930553599411635, 1791403589915974227, 
-0.18582457304000854, 0.4160428047180176, 1.645050270522093, 1791403589946564819, 
-0.30864858627319336, 0.28759849071502686, 1.5569303701766388, 1791403589978573849, 
-0.351503849029541, -0.2757173776626587, 1.7011674131148231, 1791403590007977536, 
0.07178616523742676, 0.0639350414276123, 1.7563170086313487, 1791403590036122959, 
-0.3033406734466553, 0.2016238570213318, 1.615944954224575, 1791403590066198886, 
-0.4520529508590698, 0.2450425624847412, 1.6159263330431846, 1791403590096243205, 
0.1284427046775818, 0.042275309562683105, 1.6328833685037167, 1791403590126273099, 
-0.11619406938552856, -0.32936978340148926, 1.6103053664105118, 1791403590156359332, 
0.18397247791290283, -0.003787696361541748, 1.5577411030218056, 1791403590186430786, 
-0.4734742045402527, 0.615585446357727, 1.4378751221082282, 1791403590218184058, 
0.12112194299697876, -0.0951722264289856, 1.4778027261511448, 1791403590249295123, 
-0.4890572428703308, -0.5022472143173218, 1.6761911140822887, 1791403590276552689, 
0.30334585905075073, 0.01928788423538208, 1.4842377591956064, 1791403590306586271, 
-0.0998302698135376, 0.5393528342247009, 1.468001941663298, 1791403590336626249, 
-0.16720759868621826, -0.10361981391906738, 1.543721449730291, 1791403590365774567, 
-0.1382913589477539, -0.16206419467926025, 1.5034970863144395, 1791403590395801912, 
0.14370626211166382, 0.24520087242126465, 1.4207683252395087, 1791403590427490814, 
-0.050983428955078125, 0.13047003746032715, 1.4517039631682715, 1791403590457894304, 
-0.28422313928604126, -0.18394190073013306, 1.314176625582177, 1791403590490537558, 
-0.09756797552108765, -0.36446642875671387, 1.5595793995425702, 1791403590517711404, 
-0.10884183645248413, 0.1771916151046753, 1.4188950632476356, 1791403590547628682, 
-0.25207602977752686, 0.2565099000930786, 1.4146414029535717, 1791403590577590089, 
0.28376781940460205, -0.3453829288482666, 1.4066563729918904, 1791403590607520437, 
-0.43651705980300903, -0.10474365949630737, 1.3741724809275566, 1791403590637648511, 
-0.3324430584907532, 0.541082501411438, 1.3522159819346868, 1791403590667707554, 
-0.23456311225891113, 0.07994437217712402, 1.3060540737182806, 1791403590698052983, 
-0.2977370023727417, -0.22351837158203125, 1.227639665012123, 1791403590730434053, 
-0.26840639114379883, 0.42128801345825195, 1.4936737091107453, 1791403590757614007, 
0.12582087516784668, -0.08073556423187256, 1.33454985014993, 1791403590787613943, 
0.06328058242797852, -0.1749899983406067, 1.304631764581708, 1791403590817698322, 
-0.15932917594909668, 0.2802430987358093, 1.2832692527488032, 1791403590847691410, 
-0.08890247344970703, 0.11738502979278564, 1.295842025004606, 1791403590876774804, 
-0.32596254348754883, -0.06600451469421387, 1.2168007339460731, 1791403590907746239, 
-0.010432302951812744, 0.07864135503768921, 1.2777033758638539, 1791403590937955482, 
-0.3753087520599365, 0.13316810131072998, 1.2164279048936086, 1791403590970084749, 
0.22702676057815552, -0.18003374338150024, 1.3720868557758472, 1791403590998021539, 
0.03109532594680786, 0.081520676612854, 1.2565588157745011, 1791403591027844408, 
0.03180962800979614, 0.04376709461212158, 1.2280619326245494, 1791403591057886355, 
0.15583622455596924, -0.07964909076690674, 1.2170192796808197, 1791403591087866496, 
0.07438141107559204, 0.2733081579208374, 1.1935781161946246, 1791403591117999491, 
0.07996189594268799, -0.07894128561019897, 1.1934626331780882, 1791403591148007583, 
-0.20976245403289795, -0.21154022216796875, 1.1868220656026751, 1791403591178463390, 
0.17175215482711792, 0.3994186520576477, 1.1189383053200312, 1791403591210322907, 
-0.3311695456504822, -0.24973708391189575, 1.2861970587670917, 1791403591238197257, 
0.06277590990066528, 0.13827770948410034, 1.2021048618002934, 1791403591268255465, 
0.20508092641830444, 0.3948283791542053, 1.1898922147555844, 1791403591298242833, 
-0.11297649145126343, -0.3957534432411194, 1.1570481802003916, 1791403591328294210, 
0.21773678064346313, 0.0739736557006836, 1.1886269220190555, 1791403591357278437, 
-0.38346296548843384, 0.10862201452255249, 1.0981128859963567, 1791403591388406782, 
0.2858049273490906, 0.07385706901550293, 1.1155768590712516, 1791403591418415466, 
0.005523324012756348, 0.25210076570510864, 1.0562946320592281, 1791403591450068868, 
-0.1576317548751831, -0.05390632152557373, 1.0786501103978976, 1791403591481514891, 
-0.2908070683479309, 0.10708141326904297, 1.2640127475677094, 1791403591508630705, 
-0.24652516841888428, 0.4269220232963562, 1.150196067376681, 1791403591538642429, 
-0.139573335647583, 0.1797388792037964, 1.1678045182321868, 1791403591568677729, 
-0.33380115032196045, 0.16413694620132446, 1.2714529611843586, 1791403591598726121, 
0.11319279670715332, 0.5558780431747437, 1.3498313527960746, 1791403591627859116, 
-0.026096463203430176, -0.14978307485580444, 1.2454329982835686, 1791403591658903494, 
-0.345663845539093, 0.16696935892105103, 1.2606552299936262, 1791403591690723925, 
-0.0803641676902771, 0.49726402759552, 1.351617233901259, 1791403591722250049, 
-0.31128108501434326, -0.022617578506469727, 1.5982507858585542, 1791403591749008144, 
0.7004311680793762, 0.13952934741973877, 1.4211729587185757, 1791403591779054891, 
-0.3940919041633606, 0.022145509719848633, 1.481552823087508, 1791403591809071174, 
-0.189855694770813, 0.13688504695892334, 1.5015754308709577, 1791403591839121379, 
-0.310161828994751, 0.5997782945632935, 1.522330007358292, 1791403591869146671, 
0.43476569652557373, 0.22761589288711548, 1.551521987341503, 1791403591899180513, 
-0.2652525305747986, 0.11460858583450317, 1.4960669464857654, 1791403591930407253, 
-0.3474252223968506, -0.025096893310546875, 1.519273698723404, 1791403591961329755, 
0.17445701360702515, -0.07656019926071167, 1.644283616364444, 1791403591989486728, 
-0.0946807861328125, 0.021413087844848633, 1.53266244597574, 1791403592019475899, 
-0.44851016998291016, -0.1038561463356018, 1.5215688967070153, 1791403592049693733, 
0.0794491171836853, -0.06902217864990234, 1.5398069185151448, 1791403592079588988, 
-0.43379920721054077, 0.14716434478759766, 1.4743835466056903, 1791403592109611954, 
0.14617139101028442, 0.2110062837600708, 1.4717719047722757, 1791403592139695880, 
-0.30663055181503296, 0.3397270441055298, 1.4473196839154028, 1791403592170099897, 
-0.6203070878982544, -0.36143094301223755, 1.2645988349275719, 1791403592202506497, 
-0.3200451135635376, -0.49165815114974976, 1.2250125191376593, 1791403592230563260, 
-0.5825498700141907, -0.1965530514717102, 0.9670973272149995, 1791403592260102361, 
-0.18329256772994995, 0.13816452026367188, 0.8344520753719507, 1791403592289848345, 
-0.1447659730911255, 0.22833997011184692, 0.8125188312179656, 1791403592319874736, 
0.5569370985031128, 0.09262615442276001, 0.8593217336052806, 1791403592349919511, 
-0.3115185499191284, 0.03249812126159668, 0.8957581191995033, 1791403592379964309, 
0.023855626583099365, 0.06001371145248413, 0.878990594353606, 1791403592410135972, 
-0.20891714096069336, 0.1747114658355713, 0.8401841350688508, 1791403592441777907, 
-0.19682693481445312, -0.10655319690704346, 0.867685424674858, 1791403592472178770, 
0.07084453105926514, 0.044827163219451904, 0.9425032369760571, 1791403592500160440, 
-0.08325082063674927, 0.2065632939338684, 0.8630816802297671, 1791403592530260039, 
-0.2632415294647217, 0.04721623659133911, 0.783918821919815, 1791403592552589572, 
-0.18070268630981445, -0.08282119035720825, 0.9380198878436953, 1791403592580399730, 
0.2327999472618103, 0.17579621076583862, 0.848881109438759, 1791403592610391060, 
-0.2117835283279419, 0.010458230972290039, 0.8368462185082188, 1791403592640426711, 
0.12357228994369507, 0.09745222330093384, 0.8589254320906063, 1791403592670485433, 
0.12156611680984497, 0.16247671842575073, 0.8635911365493223, 1791403592700553217, 
0.13894808292388916, -0.11709040403366089, 0.85612073697645, 1791403592730637421, 
-0.5171676874160767, 0.03713768720626831, 0.7997966224773289, 1791403592762159295, 
0.2478352189064026, 0.12506645917892456, 0.7925939652481216, 1791403592794023427, 
-0.5119833946228027, 0.18737494945526123, 0.9888062771839438, 1791403592819775608, 
0.0016015172004699707, -0.1378852128982544, 0.8258662741658401, 1791403592850770556, 
0.0858880877494812, 0.14180296659469604, 0.8855079445093532, 1791403592879790509, 
0.06280839443206787, 0.08842921257019043, 0.8271651421896754, 1791403592910851419, 
-0.056731581687927246, -0.0008414983749389648, 0.8610676736987466, 1791403592940911818, 
-0.12053346633911133, -0.0742419958114624, 0.8433286995080683, 1791403592971015296, 
0.03167968988418579, 0.09732353687286377, 0.8032182872029071, 1791403593002417199, 
-0.18675798177719116, -0.0013886690139770508, 0.7834709957641124, 1791403593034525331, 
0.11558157205581665, 0.0016027092933654785, 0.9599434301847553, 1791403593061212099, 
-0.24403315782546997, 0.008400440216064453, 0.843309948431313, 1791403593091183654, 
-0.050996363162994385, 0.08769172430038452, 0.7187034857926391, 1791403593114370247, 
-0.14460033178329468, -0.08502304553985596, 0.8939230116801544, 1791403593151316320, 
-0.13746309280395508, 0.016139209270477295, 0.8398630347012388, 1791403593181369434, 
-0.10068356990814209, 0.18022698163986206, 0.830746764927621, 1791403593211377429, 
0.30516254901885986, -0.004472255706787109, 0.803539702605916, 1791403593242145768, 
0.12487030029296875, -0.017557501792907715, 0.7640309950270626, 1791403593274103637, 
-0.2979814410209656, 0.06958121061325073, 0.8987140163582936, 1791403593301580667, 
0.0016503334045410156, 0.20157361030578613, 0.8206425175324286, 1791403593331670558, 
-0.21827220916748047, 0.07579070329666138, 0.8279955054546803, 1791403593361591431, 
-0.13537925481796265, 0.006270289421081543, 0.8155880921342274, 1791403593391694372, 
0.018592655658721924, -0.03226226568222046, 0.8208572870763078, 1791403593421732952, 
-0.03515064716339111, 0.1719745397567749, 0.8358917504726976, 1791403593450798895, 
-0.0629500150680542, -0.06021225452423096, 0.7762936442992951, 1791403593482541066, 
-0.1174623966217041, 0.0579412579536438, 0.7746858492828992, 1791403593514286101, 
0.2061808705329895, -0.03372466564178467, 0.8475468868790531, 1791403593552694796, 
-0.39699065685272217, 0.19865649938583374, 0.8149978684235067, 1791403593582637663, 
0.015431702136993408, -0.03111642599105835, 0.8132377842241482, 1791403593612852523, 
-0.12904900312423706, 0.03184354305267334, 0.7910687600634928, 1791403593642821084, 
0.2978377342224121, 0.1132131814956665, 0.7622942056525458, 1791403593674980597, 
0.7944346070289612, 0.34676891565322876, 0.9677050519689144, 1791403593704186886, 
0.35210371017456055, 0.24175208806991577, 1.0834338097530967, 1791403593732734780, 
-0.012897193431854248, 0.224725604057312, 1.0772760468002227, 1791403593762705125, 
0.049642741680145264, 0.2065792679786682, 1.1294057800505959, 1791403593792878308, 
-0.012247443199157715, -0.20500296354293823, 1.1906700387821085, 1791403593821831153, 
0.11537748575210571, 0.08986741304397583, 1.1063896248528595, 1791403593852831721, 
-0.28998494148254395, 0.3857343792915344, 1.1333933487294339, 1791403593881790087, 
0.06817299127578735, -0.025766193866729736, 0.9781090268021588, 1791403593914202411, 
0.05223500728607178, -0.1661866307258606, 1.0102400533458864, 1791403593945273054, 
0.04565870761871338, 0.5242642760276794, 1.1393588492089641, 1791403593972888673, 
0.08113223314285278, 0.25292813777923584, 1.0363366021327591, 1791403594002906928, 
-0.177101731300354, -0.2783662676811218, 1.034521869809347, 1791403594032993049, 
-0.07776027917861938, -0.0038598179817199707, 1.0506854191351112, 1791403594062952099, 
-0.30486607551574707, 0.6855735182762146, 1.0700440860721159, 1791403594093058888, 
0.14879846572875977, 0.13995343446731567, 1.0448237306966606, 1791403594123049828, 
-0.38426733016967773, -0.4125306010246277, 0.9786045955517824, 1791403594154613538, 
0.14788424968719482, 0.06172478199005127, 0.9745381850426964, 1791403594186546234, 
-0.2705042362213135, 0.4300006031990051, 1.1913645373048625, 1791403594213130089, 
0.08328169584274292, 0.10666465759277344, 1.066404189546428, 1791403594243050889, 
-0.18696433305740356, -0.10538583993911743, 1.0306249256809294, 1791403594273114386, 
-0.1454150676727295, -0.04162323474884033, 0.9874457622063828, 1791403594303152297, 
0.19015604257583618, 0.176841139793396, 0.9439590244262224, 1791403594333227064, 
-0.09003496170043945, -0.02923727035522461, 0.9350601310223519, 1791403594363294562, 
-0.28682976961135864, 0.026955008506774902, 0.8845387471473801, 1791403594394126780, 
0.03932410478591919, 0.2696099877357483, 0.8256597488777218, 1791403594426091532, 
-0.07160681486129761, -0.016698241233825684, 0.9746540316807891, 1791403594453529698, 
-0.4174376130104065, 0.017606139183044434, 0.8851468547787432, 1791403594483514429, 
0.10185188055038452, 0.23024743795394897, 0.8686872395521661, 1791403594513576100, 
-0.1573917269706726, 0.22899067401885986, 0.8647775211463955, 1791403594543576167, 
-0.05149877071380615, -0.3534444570541382, 0.8663016069630775, 1791403594573650907, 
0.1577567458152771, 0.2619783878326416, 0.8324091070470402, 1791403594603707562, 
0.12296032905578613, 0.044536054134368896, 0.781844003407016, 1791403594634564671, 
-0.23953551054000854, -0.12663239240646362, 0.7754847056915133, 1791403594666160072, 
-0.1341530680656433, 0.2097100019454956, 0.8523513992082992, 1791403594693923544, 
0.03597790002822876, 0.09156221151351929, 0.7551851469939295, 1791403594723842256, 
-0.6271225214004517, 0.16474545001983643, 0.739942924467591, 1791403594753915806, 
0.16620230674743652, -0.06459009647369385, 0.7416039940133272, 1791403594783970044, 
0.13130509853363037, 0.06486207246780396, 0.7286731009723393, 1791403594813998324, 
-0.11281508207321167, -0.046300649642944336, 0.7024698022122873, 1791403594844024850, 
-0.2749391198158264, 0.18066352605819702, 0.707110601958232, 1791403594874170505, 
-0.10822206735610962, 0.07796579599380493, 0.647683671474492, 1791403594906542978, 
0.13201618194580078, 0.007545411586761475, 0.7023069901277047, 1791403594936252989, 
-0.21569359302520752, -0.10745793581008911, 0.7424906637255725, 1791403594964281076, 
-0.08934414386749268, 0.12937325239181519, 0.6845031030884047, 1791403594994344261, 
0.05468893051147461, 0.07043349742889404, 0.5966110630596124, 1791403595016946382, 
0.16100871562957764, 0.00997018814086914, 0.7112567669340011, 1791403595054443213, 
-0.07695239782333374, -0.07548952102661133, 0.6403449110440568, 1791403595084548673, 
-0.043280065059661865, 0.09967905282974243, 0.6196442494479137, 1791403595114595133, 
0.03998911380767822, 0.07761979103088379, 0.5839834504898023, 1791403595146633378, 
0.15979349613189697, 0.10194873809814453, 0.6125012329536931, 1791403595176995780, 
-0.12630444765090942, -0.012876331806182861, 0.6484343929187351, 1791403595203813552, 
-0.3256286382675171, 0.03542405366897583, 0.5827637978874758, 1791403595234705961, 
0.23789584636688232, 0.22644227743148804, 0.586435288043054, 1791403595264759806, 
-0.25998175144195557, 0.12552273273468018, 0.6032856966129176, 1791403595294769608, 
0.16267353296279907, 0.005758941173553467, 0.6019699972609002, 1791403595324886003, 
-0.21493160724639893, 0.07905733585357666, 0.6109916030692565, 1791403595354900613, 
0.3532317876815796, 0.058136582374572754, 0.5883778584301678, 1791403595386173139, 
-0.3177500367164612, -0.03574562072753906, 0.5555991931402129, 1791403595418357317, 
0.036565423011779785, -0.0004750490188598633, 0.6671493491665673, 1791403595445126364, 
0.101767897605896, -0.03578728437423706, 0.5817663905992992, 1791403595475083693, 
-0.1918238401412964, 0.1492432951927185, 0.5943367882377477, 1791403595505168505, 
0.001846611499786377, 0.04172325134277344, 0.5737053380664305, 1791403595535215104, 
-0.14167141914367676, 0.06935662031173706, 0.5864559715384143, 1791403595565317179, 
0.2658945918083191, -0.006621241569519043, 0.5658223919281943, 1791403595595308220, 
-0.24587219953536987, 0.07074630260467529, 0.5522853928365901, 1791403595626540398, 
-0.03760117292404175, -0.07442265748977661, 0.5540051559287692, 1791403595658686039, 
-0.09884876012802124, 0.07794469594955444, 0.6585569762791252, 1791403595685487229, 
0.05969667434692383, 0.15123498439788818, 0.5813824465749565, 1791403595715467049, 
0.022882461547851562, -0.2120397686958313, 0.5619691816388328, 1791403595745526928, 
-0.0989028811454773, 0.22169548273086548, 0.5706002910682152, 1791403595775550425, 
0.2916484475135803, -0.13379210233688354, 0.580064890809573, 1791403595805643717, 
0.13921207189559937, 0.1890263557434082, 0.5611781340562214, 1791403595835698943, 
0.0177994966506958, 0.05557602643966675, 0.5076133156005087, 1791403595866517470, 
0.05709826946258545, 0.07775717973709106, 0.519421361024671, 1791403595898356168, 
-0.08367252349853516, 0.32071763277053833, 0.6020648174304059, 1791403595925872822, 
-0.16471576690673828, -0.18464893102645874, 0.5617374171524162, 1791403595955891814, 
0.1203497052192688, 0.08687210083007812, 0.5487074696564699, 1791403595986000087, 
0.053160250186920166, -0.08700960874557495, 0.5709168532260886, 1791403596016046433, 
0.2600533962249756, 0.16634142398834229, 0.5620790923335719, 1791403596046042551, 
-0.1784754991531372, -0.011646509170532227, 0.5329717085600938, 1791403596076103881, 
0.08320432901382446, -0.017095625400543213, 0.5468581392000772, 1791403596106742502, 
-0.0242193341255188, 0.18802839517593384, 0.513043705698437, 1791403596138530862, 
-0.2529110312461853, -0.013975381851196289, 0.5929382625434021, 1791403596166323683, 
0.06469011306762695, 0.03831148147583008, 0.5450051017440013, 1791403596196254340, 
-0.03032827377319336, 0.005032896995544434, 0.5287478883666097, 1791403596226366216, 
0.09360206127166748, 0.1105455756187439, 0.5212233839011108, 1791403596256369528, 
-0.1466251015663147, -0.1330525279045105, 0.5249407122870373, 1791403596286457022, 
-0.1883927583694458, 0.11554473638534546, 0.5518661031380222, 1791403596316461954, 
0.0902976393699646, 0.22585904598236084, 0.5236885637665002, 1791403596346660587, 
-0.06477004289627075, -0.10097730159759521, 0.5190792829113433, 1791403596378274927, 
0.016094505786895752, -0.05319416522979736, 0.540442007952116, 1791403596408677378, 
-0.021002113819122314, 0.09962427616119385, 0.5918835570527553, 1791403596435809640, 
-0.03926193714141846, 0.1604354977607727, 0.5089930652205019, 1791403596466849178, 
0.16037458181381226, -0.05596768856048584, 0.5276616417838957, 1791403596495794781, 
-0.08448755741119385, -0.07797431945800781, 0.5094995664977492, 1791403596526848608, 
-0.2619301676750183, 0.19721221923828125, 0.5184958463153678, 1791403596556896787, 
0.203904390335083, 0.06154322624206543, 0.5308985832270684, 1791403596586985442, 
-0.03521519899368286, -0.014228999614715576, 0.5064151329407912, 1791403596618225338, 
-0.09790080785751343, -0.07125699520111084, 0.4962064893362996, 1791403596649988533, 
0.0940355658531189, -0.02811276912689209, 0.5622382905326083, 1791403596688072245, 
-0.2257469892501831, 0.12897151708602905, 0.502936594531158, 1791403596717847313, 
0.0802760124206543, 0.05132836103439331, 0.5163263009004037, 1791403596747847978, 
-0.15660446882247925, -0.06578081846237183, 0.49513848843954866, 1791403596778586500, 
0.09290605783462524, 0.13778865337371826, 0.4846936544971385, 1791403596810349360, 
-0.13441073894500732, 0.006205081939697266, 0.5507614719930158, 1791403596837858747, 
-0.002291440963745117, 0.06774896383285522, 0.5053779244301756, 1791403596867893172, 
0.0072904229164123535, 0.16401618719100952, 0.5036734467567717, 1791403596897898247, 
-0.25545579195022583, -0.133517324924469, 0.5221797813240854, 1791403596928021164, 
0.12770986557006836, 0.16810762882232666, 0.48979750967384694, 1791403596957892088, 
-0.2375338077545166, -0.13734006881713867, 0.47241621392827104, 1791403596987996883, 
0.2671470046043396, 0.05812990665435791, 0.49361654659793086, 1791403597018334397, 
-0.07080161571502686, 0.07535767555236816, 0.4527222266581793, 1791403597050848012, 
-0.1390913724899292, 0.10939276218414307, 0.563943891773796, 1791403597077970855, 
0.06650948524475098, 0.2163771390914917, 0.4829488294742797, 1791403597107990103, 
-0.1292150616645813, -0.35948365926742554, 0.48775960248208194, 1791403597138289158, 
0.2203800082206726, 0.16115468740463257, 0.5106151415062905, 1791403597168155521, 
0.047499001026153564, -0.00247347354888916, 0.5025580507302546, 1791403597198114783, 
-0.5115099549293518, 0.06623566150665283, 0.48481626959048524, 1791403597228204917, 
0.2837989926338196, 0.12949687242507935, 0.453755146135755, 1791403597258613889, 
0.017128407955169678, -0.010875523090362549, 0.45227923224352895, 1791403597290483370, 
-0.03879767656326294, 0.1319010853767395, 0.5197247168517636, 1791403597318337959, 
-0.10423862934112549, -0.18613702058792114, 0.4980258774949927, 1791403597348221807, 
0.16570639610290527, -0.010792016983032227, 0.5034298943848444, 1791403597378238834, 
-0.17477011680603027, 0.21887046098709106, 0.47632477224843806, 1791403597408294128, 
-0.1455281376838684, -0.015268325805664062, 0.4914775847185865, 1791403597438376554, 
-0.022844791412353516, 0.15522760152816772, 0.4754891615648113, 1791403597468394797, 
-0.13215547800064087, -0.09080427885055542, 0.4776646760966214, 1791403597498691633, 
0.09586679935455322, 0.0894472599029541, 0.4481716914663337, 1791403597530566046, 
0.07210403680801392, 0.05464142560958862, 0.46037386136602004, 1791403597560508288, 
0.012482225894927979, 0.0935027003288269, 0.5062571202698893, 1791403597588658349, 
-0.15675824880599976, 0.0688772201538086, 0.47815304849278917, 1791403597617650307, 
-0.19647067785263062, -0.13610732555389404, 0.458022061983589, 1791403597648667469, 
-0.044486403465270996, 0.16056638956069946, 0.47609481570709056, 1791403597678718217, 
0.05632448196411133, -0.04160505533218384, 0.4864105798202296, 1791403597707835989, 
0.09154993295669556, 0.029387056827545166, 0.4605685909871749, 1791403597738925511, 
0.02633655071258545, 0.03436499834060669, 0.41752745090825155, 1791403597770513095, 
-0.19463634490966797, 0.09362292289733887, 0.4259770617218596, 1791403597801591538, 
-0.3026888966560364, -0.06391865015029907, 0.5101723411989747, 1791403597829075815, 
0.01961439847946167, -0.004117310047149658, 0.45629009689245015, 1791403597859056170, 
0.17375051975250244, 0.2074655294418335, 0.4520388325728505, 1791403597889107207, 
-0.24994462728500366, 0.037196576595306396, 0.4513012921004398, 1791403597919149569, 
0.13385021686553955, 0.04904603958129883, 0.4688513654107142, 1791403597949161653, 
-0.10019481182098389, 0.12082993984222412, 0.45875937396324185, 1791403597979225250, 
-0.09498035907745361, -0.15951067209243774, 0.4236633104779883, 1791403598011062793, 
-0.12536150217056274, 0.15555161237716675, 0.43260835325052915, 1791403598042596633, 
-0.0024562478065490723, 0.0035219192504882812, 0.49333018809093837, 1791403598069397220, 
-0.2373860478401184, 0.13836127519607544, 0.45941084574926144, 1791403598099400451, 
-0.21826332807540894, 0.0654599666595459, 0.4569488997492958, 1791403598129490442, 
-0.03364241123199463, -0.17546677589416504, 0.4512250427196869, 1791403598159534376, 
0.11571776866912842, 0.10560083389282227, 0.44937726070046885, 1791403598189632363, 
-0.040324628353118896, 0.0077193379402160645, 0.44084453039367827, 1791403598219709926, 
0.14397978782653809, 0.08448618650436401, 0.44746379455283725, 1791403598250982187, 
-0.08752691745758057, 0.21104103326797485, 0.40676307947934043, 1791403598282432840, 
-0.02709829807281494, -0.018465280532836914, 0.46698700371365476, 1791403598309861099, 
-0.2007501721382141, -0.024888157844543457, 0.4419639875795567, 1791403598339840291, 
-0.1400853395462036, -0.03314310312271118, 0.44749873482014274, 1791403598369901015, 
0.07688325643539429, 0.1664339303970337, 0.46897273990856897, 1791403598399930727, 
0.04989248514175415, 0.06026965379714966, 0.4113677528822549, 1791403598429994741, 
0.07424366474151611, -0.07918870449066162, 0.4332371733408711, 1791403598460026672, 
-0.16479390859603882, 0.24378961324691772, 0.41880486718417975, 1791403598490950514, 
-0.3547109365463257, -0.23892992734909058, 0.39918914973494024, 1791403598523206108, 
-0.1165420413017273, 0.07984656095504761, 0.4858385943082574, 1791403598550212367, 
0.07705211639404297, 0.12088233232498169, 0.4100387343298594, 1791403598580187723, 
0.044373154640197754, 0.11417347192764282, 0.432619897974973, 1791403598610227490, 
0.2018628716468811, 0.03634923696517944, 0.43825842489513445, 1791403598640288479, 
-0.24815326929092407, -0.15935742855072021, 0.41764506030579207, 1791403598670498568, 
0.10911726951599121, 0.21929901838302612, 0.41249277071232965, 1791403598700446320, 
-0.12248885631561279, 0.17422890663146973, 0.38471278701289746, 1791403598730646524, 
-0.14760011434555054, -0.0672222375869751, 0.4020791101484686, 1791403598762533233, 
0.17540055513381958, 0.18356019258499146, 0.406752476228942, 1791403598793132698, 
-0.08410781621932983, -0.16068989038467407, 0.4573276788580615, 1791403598820701432, 
0.1534672975540161, 0.16188925504684448, 0.43620637853125427, 1791403598850661908, 
0.0896795392036438, 0.19692999124526978, 0.4206319266542363, 1791403598880719411, 
-0.037310242652893066, 0.021890640258789062, 0.40876207379481555, 1791403598910742826, 
-0.10167568922042847, -0.021455228328704834, 0.42323495340153405, 1791403598940869050, 
-0.1902201771736145, -0.10365980863571167, 0.41076753537152716, 1791403598971163527, 
0.26866501569747925, 0.20853394269943237, 0.3897561987240937, 1791403599002652831, 
0.06465750932693481, -0.006018161773681641, 0.4024341419654989, 1791403599033897367, 
-0.3130521774291992, -0.04412931203842163, 0.46723274781175267, 1791403599061025819, 
-0.0220339298248291, 0.15671908855438232, 0.42876084906952944, 1791403599091024751, 
0.08708101511001587, -0.11051762104034424, 0.40399229584353064, 1791403599121102205, 
-0.04399210214614868, 0.18070906400680542, 0.40727558264641633, 1791403599151152863, 
0.027447283267974854, 0.030586302280426025, 0.4118276984388784, 1791403599181212007, 
-0.036082684993743896, -0.05340933799743652, 0.4150387471095054, 1791403599211278713, 
-0.3571683168411255, 0.11935853958129883, 0.3936443145537278, 1791403599242454844, 
-0.04835563898086548, -0.04157751798629761, 0.3779429228543483, 1791403599274674322, 
0.04376876354217529, 0.1577669382095337, 0.4545040567944906, 1791403599311408049, 
-0.4656563997268677, 0.10158532857894897, 0.40906308122156415, 1791403599341516992, 
0.1971834897994995, 0.07158803939819336, 0.39706546621114147, 1791403599371552203, 
-0.0543668270111084, 0.10460621118545532, 0.3678167522715201, 1791403599402537646, 
0.12804943323135376, -0.24976855516433716, 0.3733541865336561, 1791403599434400437, 
-0.18345290422439575, 0.2162228226661682, 0.44864431357516354, 1791403599461719448, 
0.12182760238647461, 0.059483885765075684, 0.41202535851485983, 1791403599490719855, 
-0.2809755802154541, -0.02572232484817505, 0.40030016773709126, 1791403599520742553, 
0.0150529146194458, 0.06559401750564575, 0.39594917932630497, 1791403599551894124, 
-0.11621701717376709, -0.03331625461578369, 0.3861178128550871, 1791403599581878310, 
0.17123860120773315, 0.18127435445785522, 0.4088985842994935, 1791403599611966948, 
-0.03128969669342041, 0.08082383871078491, 0.397529189582294, 1791403599641794680, 
-0.2897305488586426, -0.17818337678909302, 0.3653811876004122, 1791403599674758572, 
-0.10479915142059326, 0.047965168952941895, 0.4396225364883413, 1791403599702228076, 
0.16080641746520996, 0.15666234493255615, 0.3841954975643145, 1791403599732193348, 
0.025816500186920166, 0.09370952844619751, 0.4099644526858016, 1791403599762258375, 
0.07003521919250488, 0.28225529193878174, 0.37711736532932755, 1791403599793041004, 
-0.15265506505966187, -0.08936244249343872, 0.3949765082630606, 1791403599823026562, 
0.018606603145599365, 0.01992809772491455, 0.3999674492132787, 1791403599852965033, 
-0.00400012731552124, -0.009346723556518555, 0.3967146039844529, 1791403599883043924, 
-0.1898459792137146, 0.20989388227462769, 0.37886600232033046, 1791403599914383998, 
0.1205630898475647, 0.12235796451568604, 0.3876972194703401, 1791403599944390151, 
0.06030553579330444, 0.023415029048919678, 0.3865492784297678, 1791403599973174616, 
0.084250807762146, 0.14261966943740845, 0.37750479667245135, 1791403600003056423, 
-0.146345317363739, -0.23946505784988403, 0.37891077108685134, 1791403600033053114, 
-0.3687214255332947, 0.07893234491348267, 0.38258665455989954, 1791403600063081878, 
0.04333287477493286, 0.316719651222229, 0.3776143551114664, 1791403600093108288, 
-0.1085965633392334, -0.38081079721450806, 0.37913765962107443, 1791403600123175641, 
0.10705101490020752, 0.19439417123794556, 0.34745103403836197, 1791403600154704514, 
0.18906891345977783, 0.1847119927406311, 0.36077401172473766, 1791403600185891991, 
-0.26067686080932617, -0.003543853759765625, 0.41962633821900314, 1791403600213185680, 
0.014168381690979004, 0.13992255926132202, 0.3522593075437689, 1791403600243177554, 
-0.2146570086479187, -0.3067469000816345, 0.35384271733097994, 1791403600273242921, 
0.26239001750946045, 0.10516905784606934, 0.37994101718058676, 1791403600303253925, 
0.03726702928543091, 0.28271836042404175, 0.36687154669005245, 1791403600333338952, 
0.17992019653320312, -0.2688077688217163, 0.369499534574976, 1791403600363338745, 
-0.27168411016464233, 0.2600928544998169, 0.3576779875094126, 1791403600394698496, 
0.0026096701622009277, 0.09142720699310303, 0.34461208361891627, 1791403600426491115, 
-0.11567908525466919, 0.028763413429260254, 0.4074829032248668, 1791403600453540328, 
0.0410388708114624, 0.0512349009513855, 0.3698292679876693, 1791403600483425449, 
-0.16790372133255005, -0.22608202695846558, 0.36428757786969, 1791403600513415465, 
0.09977608919143677, 0.20082783699035645, 0.3756095623817891, 1791403600543411384, 
0.10136443376541138, 0.21205109357833862, 0.3553489398734947, 1791403600573507799, 
-0.23435258865356445, -0.15968269109725952, 0.362459806881122, 1791403600603632832, 
0.016734004020690918, 0.06219017505645752, 0.3608194411356393, 1791403600634950596, 
-0.04154467582702637, 0.09169876575469971, 0.33746723874409906, 1791403600666663660, 
-0.17242330312728882, 0.01485365629196167, 0.4348934676889875, 1791403600692792651, 
-0.22322100400924683, 0.26431846618652344, 0.3581541738227305, 1791403600722774580, 
0.00707697868347168, -0.18980681896209717, 0.3586625505374238, 1791403600752830973, 
0.07716929912567139, 0.24978351593017578, 0.34073649103800646, 1791403600783861745, 
0.3634505271911621, -0.007490336894989014, 0.34811803555822796, 1791403600813928489, 
-0.3024342656135559, -0.07680648565292358, 0.35033710749271507, 1791403600843987366, 
0.09291321039199829, 0.014005422592163086, 0.38575738617109845, 1791403600874526489, 
-0.19676369428634644, 0.16059714555740356, 0.34507426809161057, 1791403600905775080, 
0.21247291564941406, 0.10722076892852783, 0.37422431507301135, 1791403600934151083, 
-0.14582878351211548, 0.0719900131225586, 0.34723641097772867, 1791403600964155587, 
0.3465701937675476, -0.30260324478149414, 0.3521718442068798, 1791403600994190473, 
-0.42639464139938354, 0.1676899790763855, 0.36309109170779985, 1791403601024218945, 
0.2986232042312622, 0.046763062477111816, 0.35721733313748627, 1791403601054291297, 
-0.441070556640625, -0.03465414047241211, 0.35609451597630093, 1791403601084402518, 
0.2530713677406311, 0.07334274053573608, 0.35337757216841026, 1791403601114561155, 
-0.007207810878753662, 0.1206808090209961, 0.3027117540514833, 1791403601146932603, 
0.14376413822174072, 0.12910914421081543, 0.34746594640200346, 1791403601176478822, 
-0.13077795505523682, 0.13516360521316528, 0.3671841978689182, 1791403601204562574, 
-0.1768627166748047, -0.34972912073135376, 0.35636056658388243, 1791403601234635033, 
-0.10288643836975098, 0.24005311727523804, 0.3609660315388226, 1791403601264709113, 
0.350036084651947, 0.1075933575630188, 0.3487474921104601, 1791403601294750775, 
-0.08875858783721924, 0.2152974009513855, 0.3339167922022238, 1791403601324894355, 
-0.29478734731674194, 0.13538038730621338, 0.3440290743714497, 1791403601354926810, 
-0.26608604192733765, -0.4218229651451111, 0.34374410237577013, 1791403601385481366, 
0.13300389051437378, 0.22478532791137695, 0.3253513313053738, 1791403601417474165, 
0.24565517902374268, 0.08293086290359497, 0.38331085161363343, 1791403601444901334, 
0.1203453540802002, -0.3046421408653259, 0.358508564155235, 1791403601474956666, 
-0.1340917944908142, 0.2838629484176636, 0.34326032931039746, 1791403601504995434, 
-0.3408033847808838, 0.10161221027374268, 0.3272560158555778, 1791403601535051329, 
0.19511359930038452, -0.05665642023086548, 0.3374239741177713, 1791403601565123983, 
-0.25508826971054077, 0.17746305465698242, 0.3374183525006284, 1791403601595215976, 
-0.09252125024795532, -0.24176174402236938, 0.3394085168098085, 1791403601626836992, 
0.0037294626235961914, 0.13107651472091675, 0.34166039966436124, 1791403601659120919, 
0.4213572144508362, 0.20082926750183105, 0.377520237637205, 1791403601685481979, 
-0.32831114530563354, -0.13327068090438843, 0.3247763144918451, 1791403601715371837, 
0.012595891952514648, 0.09413152933120728, 0.34525789568237425, 1791403601745437757, 
-0.07574331760406494, -0.04520148038864136, 0.34521679176360504, 1791403601775450552, 
-0.01030641794204712, 0.09588050842285156, 0.34716845051421574, 1791403601805567301, 
0.028957843780517578, 0.28168368339538574, 0.31808641500062035, 1791403601835593902, 
0.08559739589691162, -0.42939895391464233, 0.31473651349911097, 1791403601866548192, 
-0.15216827392578125, 0.21223920583724976, 0.32232493078147084, 1791403601898578001, 
0.0942731499671936, 0.3671877980232239, 0.36875988978540686, 1791403601925745072, 
-0.1409292221069336, -0.41641563177108765, 0.3255176058635272, 1791403601955732180, 
0.1646532416343689, -0.03602331876754761, 0.3573271522098402, 1791403601984812260, 
-0.047773778438568115, 0.3906745910644531, 0.3428045549140171, 1791403602014882006, 
0.21326851844787598, -0.03110945224761963, 0.3259581248434129, 1791403602045885326, 
-0.21401971578598022, 0.049128174781799316, 0.31334306406674994, 1791403602076016384, 
0.11157619953155518, -0.1659528613090515, 0.3060220922919657, 1791403602106991227, 
-0.20337623357772827, 0.24670696258544922, 0.3110941936217283, 1791403602138555359, 
0.024230659008026123, 0.1437302827835083, 0.36209696393814017, 1791403602166198806, 
0.08367002010345459, -0.37816721200942993, 0.32648398316960003, 1791403602196195271, 
0.23484504222869873, 0.17899584770202637, 0.32974745590156035, 1791403602226229454, 
0.052092015743255615, 0.13503026962280273, 0.32215819067011886, 1791403602256458520, 
-0.5976157188415527, -0.16009652614593506, 0.31794572304349933, 1791403602286358753, 
0.13536906242370605, 0.047808051109313965, 0.3190260912129323, 1791403602316398777, 
-0.16600793600082397, 0.017365992069244385, 0.31831196817091867, 1791403602346602030, 
0.2314963936805725, 0.02645021677017212, 0.3179041770322237, 1791403602378654896, 
-0.09095513820648193, 0.22484833002090454, 0.35549593822207076, 1791403602406494801, 
0.24760174751281738, -0.25892114639282227, 0.331996593205315, 1791403602436565406, 
-0.2783498167991638, 0.28806179761886597, 0.32407276192810397, 1791403602466615642, 
0.009428262710571289, 0.03125184774398804, 0.336498866881167, 1791403602496647348, 
-0.14469105005264282, -0.23538094758987427, 0.3249828689694983, 1791403602526710690, 
0.10995233058929443, 0.2027764916419983, 0.3306836375739886, 1791403602555775712, 
0.21806323528289795, 0.21870917081832886, 0.30333262023097307, 1791403602586919382, 
0.025260627269744873, -0.09741783142089844, 0.29989217627960024, 1791403602619004496, 
-0.2729649543762207, 0.09832054376602173, 0.3183396025433448, 1791403602648982758, 
0.08075255155563354, -0.10351639986038208, 0.3317765978649884, 1791403602677009845, 
-0.08803457021713257, 0.13030850887298584, 0.32802129699596294, 1791403602707070418, 
-0.1073186993598938, 0.11877191066741943, 0.3171727081404583, 1791403602737091207, 
0.3105761408805847, -0.257931649684906, 0.31605363247864654, 1791403602767252637, 
0.11764788627624512, 0.26889657974243164, 0.31877758287523195, 1791403602797268385, 
0.1461809277534485, -0.06961202621459961, 0.3081913034127742, 1791403602828219806, 
-0.18009847402572632, 0.05306464433670044, 0.29993064510471906, 1791403602858890416, 
0.05303102731704712, 0.06357079744338989, 0.3048595332978668, 1791403602889953942, 
-0.04558610916137695, -0.18555569648742676, 0.33050521361174123, 1791403602917706204, 
0.22617512941360474, 0.3015601634979248, 0.3350653048465658, 1791403602947374654, 
-0.14797931909561157, 0.35770517587661743, 0.3022687540023346, 1791403602978173930, 
0.07732969522476196, -0.41809695959091187, 0.28593466918695143, 1791403603008144543, 
-0.13921338319778442, -0.008446216583251953, 0.3008776358517103, 1791403603038152176, 
0.062153637409210205, 0.45897185802459717, 0.32849044150577916, 1791403603068235570, 
-0.17496424913406372, -0.22782480716705322, 0.3265413828879963, 1791403603098599977, 
-0.10116356611251831, 0.07166409492492676, 0.2919264282203856, 1791403603130739568, 
0.20500290393829346, 0.16703635454177856, 0.3064236454935738, 1791403603158258689, 
-0.16250330209732056, -0.0034957528114318848, 0.29457835748876926, 1791403603188268910, 
0.14065700769424438, -0.03586536645889282, 0.3213115495744905, 1791403603218307079, 
-0.298764169216156, -0.17854809761047363, 0.3199372998472226, 1791403603248318802, 
0.11275112628936768, 0.038406312465667725, 0.32367829681569027, 1791403603278353552, 
-0.06855887174606323, 0.4299495220184326, 0.2933040789080788, 1791403603308303066, 
0.15952277183532715, -0.31053853034973145, 0.30042386451924435, 1791403603338709244, 
-0.1265469789505005, 0.10489660501480103, 0.2847389760143242, 1791403603371206700, 
-0.1292724609375, 0.2694340944290161, 0.3517770965219926, 1791403603398550880, 
0.10032451152801514, -0.2309635877609253, 0.3117074118263091, 1791403603428414688, 
-0.21211618185043335, 0.216234028339386, 0.2908669304169471, 1791403603458428422, 
0.1808132529258728, 0.019607245922088623, 0.2796536760183622, 1791403603488491336, 
-0.17338073253631592, 0.05870068073272705, 0.2900262866813634, 1791403603518596991, 
0.24374806880950928, 0.019170761108398438, 0.31411169694780633, 1791403603548536272, 
-0.16122370958328247, -0.07774055004119873, 0.3074673225901528, 1791403603578683910, 
0.1339595913887024, 0.03050386905670166, 0.29812448441731915, 1791403603610723958, 
-0.04512530565261841, 0.30070751905441284, 0.3180286919166034, 1791403603638623130, 
0.03556317090988159, -0.1485896110534668, 0.2808261909993667, 1791403603668650106, 
0.14414507150650024, 0.19617003202438354, 0.2916570457117626, 1791403603698654174, 
-0.1888904571533203, 0.1974063515663147, 0.29935740825827356, 1791403603728703842, 
0.15241074562072754, -0.3918972611427307, 0.30259985607440765, 1791403603758762554, 
-0.5267773270606995, 0.16411763429641724, 0.3055017646907159, 1791403603787846773, 
0.31531035900115967, 0.1971961259841919, 0.27909025660252096, 1791403603819023052, 
-0.22237950563430786, -0.1391383409500122, 0.2725396993042064, 1791403603850909407, 
0.18437469005584717, -0.03293031454086304, 0.31042285715849277, 1791403603880503048, 
-0.07360869646072388, 0.20961207151412964, 0.31658243908732, 1791403603908013766, 
-0.041469454765319824, -0.12762075662612915, 0.2818586944748554, 1791403603939027827, 
0.16142141819000244, 0.03563392162322998, 0.2943162711501415, 1791403603969083565, 
-0.11195617914199829, 0.1807270646095276, 0.2837927533884365, 1791403603999157300, 
0.2802993059158325, -0.042323529720306396, 0.3023973605277081, 1791403604029219956, 
-0.2346184253692627, 0.24087750911712646, 0.27778630510781877, 1791403604059270567, 
0.114010751247406, -0.379569411277771, 0.2831098883289646, 1791403604091080573, 
-0.1108250617980957, 0.1514950394630432, 0.30905838051255874, 1791403604122009739, 
0.1538791060447693, 0.2695569396018982, 0.3332516086581763, 1791403604149451495, 
0.10354018211364746, -0.2047709822654724, 0.27518266420933624, 1791403604179458937, 
0.1557489037513733, -0.011282682418823242, 0.22515099854297024, 1791403604203420379, 
-0.21662837266921997, 0.11803138256072998, 0.3156037985259649, 1791403604230071220, 
-0.1448546051979065, -0.12673300504684448, 0.29028207960217084, 1791403604259565489, 
0.07876354455947876, 0.13444697856903076, 0.3177829723286048, 1791403604289617828, 
-0.027674317359924316, 0.23966091871261597, 0.2802796270448019, 1791403604319750071, 
0.0037419795989990234, -0.12403053045272827, 0.28779442821010276, 1791403604348980869, 
0.02441871166229248, 0.09878027439117432, 0.2959016419711529, 1791403604378809310, 
-0.0945780873298645, -0.02346581220626831, 0.26074486239491323, 1791403604410824407, 
-0.2634792923927307, -0.05849701166152954, 0.26860901287879696, 1791403604442836468, 
-0.07181328535079956, 0.2542303204536438, 0.3369120314518363, 1791403604469913416, 
0.336250364780426, -0.10288608074188232, 0.2924954092166478, 1791403604499979808, 
-0.0034710168838500977, 0.3294820189476013, 0.266070341729086, 1791403604530000223, 
0.12475264072418213, -0.05101877450942993, 0.2766055041393372, 1791403604560063603, 
-0.0483548641204834, -0.2486022710800171, 0.2866565970999515, 1791403604590144214, 
-0.04565548896789551, 0.2578388452529907, 0.3103419218998858, 1791403604620213608, 
0.09546661376953125, 0.3251113295555115, 0.2726864259242611, 1791403604651525388, 
-0.29713350534439087, -0.3986769914627075, 0.24668834054618752, 1791403604683047647, 
0.24584567546844482, 0.09093374013900757, 0.3008205989864751, 1791403604710357155, 
-0.029686272144317627, 0.26905107498168945, 0.28378226185352234, 1791403604740377435, 
0.038596928119659424, -0.3597269058227539, 0.29596089601916714, 1791403604770399224, 
-0.1208881139755249, 0.1739208698272705, 0.2780240633088101, 1791403604800437452, 
0.22318273782730103, 0.1718529462814331, 0.2543899057691568, 1791403604830473903, 
0.10185658931732178, -0.15673649311065674, 0.2686409612287911, 1791403604860537456, 
-0.3530350923538208, 0.15779703855514526, 0.28217949747932114, 1791403604890967269, 
0.21485167741775513, -0.19920742511749268, 0.28284465077978466, 1791403604922905764, 
-0.06371444463729858, 0.05872321128845215, 0.2941754236473064, 1791403604952761895, 
-0.005736291408538818, 0.21829825639724731, 0.29315920535943607, 1791403604980762599, 
-0.08305788040161133, -0.18848830461502075, 0.2624842978361562, 1791403605009796096, 
0.15508097410202026, -0.24597203731536865, 0.23166202417012063, 1791403605032904441, 
0.19981491565704346, 0.1693151593208313, 0.2858769400576933, 1791403605070905946, 
-0.2834136486053467, -0.2719529867172241, 0.2734492762290085, 1791403605100989274, 
0.15825992822647095, 0.1612672209739685, 0.29394904611312084, 1791403605130994218, 
-0.10781347751617432, 0.417153537273407, 0.24833275867236687, 1791403605162468431, 
0.03868579864501953, -0.40817010402679443, 0.24463535479650417, 1791403605193925952, 
0.2375723123550415, -0.02316826581954956, 0.30313516660737955, 1791403605221217048, 
-0.07490479946136475, 0.4469059705734253, 0.2720637662790646, 1791403605251240879, 
0.3284076452255249, -0.37709200382232666, 0.28677459263686184, 1791403605281232191, 
-0.6706671714782715, 0.20830053091049194, 0.2772287107563352, 1791403605311364431, 
0.31448304653167725, 0.17277342081069946, 0.26880194265265095, 1791403605341367204, 
-0.25795257091522217, -0.08631527423858643, 0.24956380497017003, 1791403605371415300, 
0.2887447476387024, -0.08303523063659668, 0.276283505701176, 1791403605402759024, 
-0.05218261480331421, 0.18839627504348755, 0.2642981038304524, 1791403605435069743, 
0.026858985424041748, -0.031144678592681885, 0.3061827959041995, 1791403605461607382, 
0.09726458787918091, 0.013625383377075195, 0.2688877695841888, 1791403605491602705, 
-0.2592652440071106, 0.08588147163391113, 0.2636022750727943, 1791403605521659207, 
0.16170328855514526, -0.03538632392883301, 0.2714912752756189, 1791403605551720103, 
-0.04421514272689819, 0.18987113237380981, 0.259412341730116, 1791403605581769927, 
0.10139304399490356, -0.24330031871795654, 0.2549752028116274, 1791403605611841815, 
0.08893400430679321, 0.11563235521316528, 0.2571665547651707, 1791403605642814125, 
-0.11452120542526245, 0.2698107957839966, 0.25825392641923867, 1791403605675206146, 
0.06676191091537476, -0.3097607493400574, 0.2957164413740493, 1791403605702067101, 
-0.07212460041046143, 0.13098400831222534, 0.2545388576782448, 1791403605731966742, 
0.1422116756439209, 0.044637858867645264, 0.22770617200887172, 1791403605755282603, 
0.024745821952819824, -0.21493381261825562, 0.29693905851800995, 1791403605781120612, 
0.1370452642440796, 0.17999154329299927, 0.24894065468618043, 1791403605812222559, 
0.10957556962966919, 0.23677265644073486, 0.27429375786239457, 1791403605842229311, 
-0.2074407935142517, -0.16500091552734375, 0.2610003938471447, 1791403605872361401, 
0.11517375707626343, 0.12704998254776, 0.2696620592254995, 1791403605902508517, 
0.18650031089782715, 0.09989750385284424, 0.2669178197220884, 1791403605932488441, 
-0.1523270606994629, -0.14412641525268555, 0.2605009327443303, 1791403605961803852, 
0.36301112174987793, 0.20886725187301636, 0.22857850824442505, 1791403605995463564, 
-0.2594018578529358, 0.13134610652923584, 0.29212296573986585, 1791403606022532410, 
-0.0009307861328125, -0.3863556981086731, 0.26669713692614655, 1791403606052557535, 
-0.35357993841171265, 0.0803765058517456, 0.2858638605180825, 1791403606082599616, 
0.3679323196411133, 0.16288423538208008, 0.26355007610103304, 1791403606113378410, 
-0.19189798831939697, -0.15733551979064941, 0.24256854858018911, 1791403606143328379, 
-0.07705014944076538, 0.15792733430862427, 0.2556775687779971, 1791403606173400868, 
0.1885685920715332, -0.027082324028015137, 0.2748704625035228, 1791403606203391661, 
0.008111000061035156, -0.017326056957244873, 0.2658685301506395, 1791403606234959716, 
0.06337183713912964, 0.09726780652999878, 0.261493460101265, 1791403606264889778, 
0.21537190675735474, -0.08400559425354004, 0.2618040827008067, 1791403606293508942, 
-0.2461605668067932, 0.22010904550552368, 0.26081110360095267, 1791403606323438538, 
0.008453965187072754, 0.1380387544631958, 0.2584083017410582, 1791403606353485016, 
0.021610021591186523, -0.3524578809738159, 0.24937309877699484, 1791403606383447646, 
0.09099102020263672, 0.10612809658050537, 0.26448040977847964, 1791403606413517258, 
0.10522115230560303, 0.3204684853553772, 0.26319124797138166, 1791403606443702805, 
-0.12447190284729004, -0.21086984872817993, 0.24045132547386663, 1791403606474852819, 
-0.07496929168701172, 0.032511770725250244, 0.2322788872321681, 1791403606506319087, 
-0.21850335597991943, 0.13205790519714355, 0.26839482131192643, 1791403606533642894, 
0.06565797328948975, -0.16079974174499512, 0.2457022503479642, 1791403606563624355, 
0.2137553095817566, 0.16029119491577148, 0.27068211573401, 1791403606593677956, 
0.03875249624252319, 0.28319984674453735, 0.24486694598411382, 1791403606623688368, 
-0.009781420230865479, -0.3811100125312805, 0.23640344093492968, 1791403606653722032, 
-0.06488996744155884, 0.11471551656723022, 0.2557222354532784, 1791403606683760182, 
0.03161734342575073, 0.2590135931968689, 0.257384904469579, 1791403606714846365, 
-0.2144511342048645, -0.27427875995635986, 0.2446500242059121, 1791403606746769395, 
-0.029816806316375732, 0.21225309371948242, 0.26393234513925307, 1791403606773953603, 
0.06213313341140747, 0.17563003301620483, 0.24643238857288471, 1791403606803758624, 
-0.01743018627166748, -0.2472749948501587, 0.24666063590335985, 1791403606832811881, 
-0.09025448560714722, 0.04874986410140991, 0.24981159372108863, 1791403606863889180, 
0.4399506449699402, 0.08524715900421143, 0.2351299133989768, 1791403606893941467, 
-0.34717637300491333, -0.08032822608947754, 0.23158859266431656, 1791403606924074739, 
0.1951478123664856, 0.0910571813583374, 0.24616207596745399, 1791403606955587749, 
-0.035196542739868164, 0.14658796787261963, 0.25428384027490086, 1791403606985798347, 
-0.015388727188110352, -0.2637261748313904, 0.2811555522348229, 1791403607013292535, 
0.11255025863647461, 0.093700110912323, 0.2586985045716793, 1791403607044140961, 
-0.04229426383972168, 0.14917010068893433, 0.24630330021738803, 1791403607074261923, 
0.19019949436187744, -0.08527106046676636, 0.23298555399296128, 1791403607104230292, 
-0.2531002163887024, 0.22281509637832642, 0.23241465243689452, 1791403607134344997, 
0.2221319079399109, -0.1840837597846985, 0.24167867312408017, 1791403607164362893, 
-0.14599251747131348, -0.024083316326141357, 0.2544071814736645, 1791403607194958533, 
0.001437067985534668, 0.17152643203735352, 0.25171813798527404, 1791403607227178433, 
0.24413615465164185, -0.11948239803314209, 0.26843481406510744, 1791403607254630345, 
-0.15812742710113525, 0.17315512895584106, 0.23138649212156553, 1791403607284555778, 
-0.10901540517807007, 0.07176613807678223, 0.2346232917767863, 1791403607314658520, 
0.019921481609344482, -0.26631981134414673, 0.25618569700952215, 1791403607344676597, 
-0.005617678165435791, 0.21453136205673218, 0.2667507335514429, 1791403607373778902, 
-0.054676353931427, 0.2647632360458374, 0.23213872030107674, 1791403607405030120, 
0.10100197792053223, -0.21623927354812622, 0.23161535947790185, 1791403607434835436, 
-0.37570708990097046, 0.16339319944381714, 0.22849684805532738, 1791403607467297287, 
0.11410921812057495, 0.057605624198913574, 0.26200431467038404, 1791403607497008876, 
0.13309454917907715, -0.19063735008239746, 0.2637402692642338, 1791403607524938120, 
-0.08975166082382202, 0.15276962518692017, 0.22935290355784135, 1791403607554990782, 
0.38041114807128906, -0.04725450277328491, 0.23071123948516467, 1791403607585098645, 
-0.21364915370941162, -0.030237197875976562, 0.22129541797977198, 1791403607615172368, 
0.011097371578216553, 0.13320553302764893, 0.24250025701341515, 1791403607645153269, 
-0.19853544235229492, 0.0970228910446167, 0.2507120652349447, 1791403607674229330, 
0.31132251024246216, -0.1683381199836731, 0.2235205583771571, 1791403607705877702, 
-0.09208130836486816, 0.2297959327697754, 0.22870602169872206, 1791403607738102836, 
-0.2864977717399597, 0.02580660581588745, 0.27249244921501936, 1791403607765391981, 
0.07938891649246216, -0.2805042266845703, 0.24478455730422247, 1791403607795392506, 
0.07625401020050049, 0.10368436574935913, 0.25984827415581296, 1791403607825412420, 
-0.010250627994537354, 0.20935380458831787, 0.23589998122986666, 1791403607855484929, 
0.08695274591445923, -0.2545589804649353, 0.22788021365601693, 1791403607885569491, 
-0.15242153406143188, 0.12632155418395996, 0.23467416012993192, 1791403607915687037, 
-0.03166753053665161, 0.05663782358169556, 0.23098288042909548, 1791403607946924363, 
0.018438220024108887, -0.12705296277999878, 0.22662400875031904, 1791403607979337518, 
-0.0013260841369628906, 0.18593531847000122, 0.2788648282526158, 1791403608005763245, 
0.13876283168792725, 0.01952683925628662, 0.23465223956791775, 1791403608035816053, 
-0.07317125797271729, -0.021575093269348145, 0.2239815879446824, 1791403608065856937, 
-0.229900062084198, -0.00795125961303711, 0.2374655182608073, 1791403608095886774, 
-0.00930708646774292, -0.14374136924743652, 0.2517153070738121, 1791403608125918628, 
0.06499207019805908, 0.056718289852142334, 0.2433811108300485, 1791403608155977962, 
-0.13497817516326904, 0.24097168445587158, 0.2205694267571177, 1791403608186917210, 
0.15324318408966064, -0.1968538761138916, 0.21653264114576015, 1791403608218996262, 
-0.19325709342956543, -0.09812700748443604, 0.25244251213787455, 1791403608246131863, 
0.10811030864715576, 0.16799694299697876, 0.2533038975396254, 1791403608276129342, 
0.2348528504371643, -0.11504381895065308, 0.22784196448040553, 1791403608306172914, 
-0.09605884552001953, 0.012418687343597412, 0.20812963419240002, 1791403608336279476, 
0.3659917116165161, -0.016833126544952393, 0.23658315614632594, 1791403608366350423, 
-0.29591572284698486, 0.07272171974182129, 0.23113917318985192, 1791403608396405165, 
0.04363453388214111, 0.018276333808898926, 0.24046696046692728, 1791403608427380570, 
-0.0848761796951294, 0.2422390580177307, 0.2110611275432615, 1791403608459233494, 
0.24034690856933594, -0.2890409231185913, 0.2266036443488154, 1791403608486722544, 
-0.1170012354850769, 0.19617390632629395, 0.21939317286971013, 1791403608516636153, 
-0.2749040126800537, 0.13757294416427612, 0.2475871149810042, 1791403608546644644, 
-0.03388011455535889, -0.3211544156074524, 0.24050222107088778, 1791403608576714381, 
0.11931419372558594, 0.13566678762435913, 0.23237339977505098, 1791403608606702962, 
-0.04732954502105713, 0.4001281261444092, 0.21411895277205417, 1791403608635782636, 
0.11934369802474976, -0.40510934591293335, 0.1959976276409877, 1791403608666965898, 
-0.16847223043441772, -0.004075288772583008, 0.21119873528503308, 1791403608699047141, 
-0.06134450435638428, 0.31774842739105225, 0.258121090543986, 1791403608726962333, 
-0.047588348388671875, -0.2987552881240845, 0.23423615387314473, 1791403608756959581, 
0.008183896541595459, 0.07804000377655029, 0.23250141685369477, 1791403608787039106, 
-0.010299086570739746, 0.3658028244972229, 0.2227552264363423, 1791403608817149852, 
0.19790756702423096, -0.31598955392837524, 0.2162375610399654, 1791403608847205384, 
-0.21262550354003906, -0.08541148900985718, 0.24356937448250707, 1791403608876286940, 
0.0781857967376709, 0.21611297130584717, 0.23460679713338656, 1791403608907431902, 
0.1549580693244934, -0.13045763969421387, 0.21335463249233164, 1791403608939386180, 
-0.20333892107009888, 0.04461944103240967, 0.25022000460752736, 1791403608966825309, 
-0.14844608306884766, 0.07221585512161255, 0.22497568076302504, 1791403608997438163, 
0.10108047723770142, -0.197154700756073, 0.23270431391931293, 1791403609027490759, 
-0.059152305126190186, 0.18619918823242188, 0.24220458602371814, 1791403609057525128, 
0.4479362964630127, 0.08920454978942871, 0.2263716425209463, 1791403609087537674, 
-0.06566578149795532, -0.14403367042541504, 0.20162219376737123, 1791403609117746358, 
-0.06781584024429321, -0.09744775295257568, 0.2248664479202533, 1791403609147661320, 
-0.4517132043838501, 0.09343063831329346, 0.22397646440830313, 1791403609179008410, 
0.10607582330703735, -0.1037590503692627, 0.22818342173307762, 1791403609210955287, 
-0.2024691104888916, 0.2874901294708252, 0.2661602853685728, 1791403609236774017, 
0.39102715253829956, 0.014897465705871582, 0.20072034764305802, 1791403609268574786, 
-0.21483707427978516, -0.21519356966018677, 0.20113642235117823, 1791403609298540984, 
0.12521600723266602, 0.018957436084747314, 0.25074515010962767, 1791403609328550841, 
-0.027930021286010742, 0.12022024393081665, 0.2675236318244079, 1791403609358585360, 
-0.13680744171142578, -0.10892432928085327, 0.22649008224302028, 1791403609388733818, 
0.0841248631477356, 0.09878450632095337, 0.20029236004617162, 1791403609419139054, 
0.018528461456298828, 0.14403307437896729, 0.17658385425220385, 1791403609451748493, 
-0.043070435523986816, -0.2019820213317871, 0.23313046022330922, 1791403609478605631, 
0.09400701522827148, 0.00027054548263549805, 0.23998414500255044, 1791403609508617881, 
-0.03696894645690918, 0.1737116575241089, 0.22465103637820932, 1791403609538652939, 
-0.06104147434234619, -0.15663999319076538, 0.21131802422625925, 1791403609568751559, 
0.0548323392868042, 0.1630362868309021, 0.21203929242911376, 1791403609598651857, 
-0.019208967685699463, -0.0752493143081665, 0.21987129157384505, 1791403609628695788, 
-0.06851089000701904, -0.26119083166122437, 0.21845984441008365, 1791403609659057435, 
0.1533258557319641, 0.2947533130645752, 0.2257296166161291, 1791403609690796777, 
-0.06313848495483398, 0.12895160913467407, 0.2427736989130304, 1791403609718611911, 
-0.19238847494125366, -0.2940865159034729, 0.20545263931703897, 1791403609748620781, 
0.05297130346298218, 0.09800064563751221, 0.2249096108807296, 1791403609778652694, 
0.08386123180389404, 0.1534280776977539, 0.2327208114882265, 1791403609807834916, 
0.10135787725448608, -0.11616653203964233, 0.22102125389995997, 1791403609837844926, 
0.012627184391021729, 0.1573694944381714, 0.22446352968068206, 1791403609868882634, 
0.041651010513305664, 0.051567018032073975, 0.21031599629596734, 1791403609899030202, 
0.2536191940307617, -0.26876527070999146, 0.19557850906455335, 1791403609931173390, 
-0.44359683990478516, 0.19193297624588013, 0.24186961354688483, 1791403609959035318, 
0.38713008165359497, 0.08525830507278442, 0.22482673769023853, 1791403609989025415, 
-0.13383448123931885, -0.03450965881347656, 0.20899395799974116, 1791403610019075899, 
0.026385128498077393, 0.048398494720458984, 0.20969071824549795, 1791403610049092142, 
0.13099431991577148, 0.0038115978240966797, 0.20732448718404173, 1791403610079134733, 
-0.17562061548233032, -0.1176304817199707, 0.22701021401181837, 1791403610109220432, 
-0.0004355907440185547, 0.14169299602508545, 0.21670605406180737, 1791403610139698674, 
0.17488360404968262, 0.0031428933143615723, 0.20191138782210602, 1791403610170285420, 
-0.24631917476654053, -0.19585806131362915, 0.1984135933513983, 1791403610201707032, 
0.15017229318618774, 0.1296793818473816, 0.2372492610420167, 1791403610229570932, 
0.19985628128051758, 0.012054204940795898, 0.2181600114649907, 1791403610259461591, 
-0.13746464252471924, -0.083163321018219, 0.19636129142975953, 1791403610289530878, 
-0.011123418807983398, 0.13185667991638184, 0.20662887221723422, 1791403610319573393, 
-0.11855190992355347, 0.045993924140930176, 0.21009157382276636, 1791403610349654858, 
-0.003749668598175049, -0.17752498388290405, 0.21140439192327573, 1791403610379718020, 
0.16373348236083984, 0.10830777883529663, 0.20289409635386127, 1791403610411198277, 
0.09112435579299927, 0.11176323890686035, 0.16101622604774907, 1791403610443156005, 
-0.11689907312393188, -0.028774380683898926, 0.21042024726088104, 1791403610470035978, 
-0.01803874969482422, 0.10117143392562866, 0.22805297405130628, 1791403610500038169, 
-0.13837653398513794, -0.14876317977905273, 0.21955313981332103, 1791403610529873485, 
0.04643195867538452, -0.03140479326248169, 0.20695665055087467, 1791403610559941878, 
0.03570657968521118, 0.22288620471954346, 0.21061865232115712, 1791403610589991917, 
0.16899555921554565, 0.05614715814590454, 0.19799686264155322, 1791403610620060004, 
0.0015003681182861328, -0.10929560661315918, 0.17486608017712224, 1791403610651616982, 
-0.028117001056671143, -0.07814955711364746, 0.2157993517371672, 1791403610683358961, 
0.28837519884109497, -0.025537550449371338, 0.25212327444174404, 1791403610710209761, 
-0.27741187810897827, 0.037020742893218994, 0.19496186439425184, 1791403610740230745, 
0.1016198992729187, 0.03206521272659302, 0.2085476649388833, 1791403610770270613, 
-0.2712544798851013, -0.06945067644119263, 0.20404832192530842, 1791403610800330297, 
0.041151225566864014, -0.11387860774993896, 0.21943155204919312, 1791403610829371616, 
0.14940494298934937, 0.1248626708984375, 0.22596428420555212, 1791403610860459119, 
-0.0978238582611084, 0.10238713026046753, 0.2023511001743412, 1791403610891246796, 
0.0012412071228027344, -0.15019112825393677, 0.17558019685191895, 1791403610923424419, 
-0.22775131464004517, -0.11119985580444336, 0.22367976759600616, 1791403610950608191, 
-0.10939157009124756, 0.038281023502349854, 0.2270659033055537, 1791403610980603258, 
0.21113848686218262, -0.031205832958221436, 0.21987063295283904, 1791403611010658705, 
0.1559523344039917, 0.09197747707366943, 0.19887763277884335, 1791403611040694253, 
-0.00048726797103881836, -0.056435346603393555, 0.1881525714184166, 1791403611070751839, 
-0.21755284070968628, -0.2459692358970642, 0.19150927366414278, 1791403611099812997, 
-0.18040484189987183, 0.0650339126586914, 0.21097671818306707, 1791403611131350044, 
0.05330336093902588, 0.21981555223464966, 0.23020117694949205, 1791403611163554662, 
0.3523349165916443, -0.11098527908325195, 0.24087007322554405, 1791403611191067350, 
0.02262800931930542, -0.05038851499557495, 0.17579467790275802, 1791403611221033018, 
-0.07390052080154419, -0.07031512260437012, 0.1859110605814492, 1791403611251143523, 
-0.08142536878585815, -0.057178378105163574, 0.22114494328345402, 1791403611281155238, 
-0.21696120500564575, 0.22101974487304688, 0.22695338294937514, 1791403611311177491, 
0.2427152395248413, 0.05139118432998657, 0.19209890633455315, 1791403611341253377, 
-0.03966021537780762, -0.30441486835479736, 0.1905259121680375, 1791403611371686756, 
-0.16531264781951904, 0.04522347450256348, 0.19957084557202498, 1791403611403163193, 
0.04952585697174072, 0.05674004554748535, 0.19867777268302889, 1791403611434279855, 
0.08872205018997192, -0.16644352674484253, 0.20908045030240144, 1791403611461496173, 
0.07059401273727417, 0.10581332445144653, 0.19459343416136157, 1791403611491467171, 
0.0574643611907959, 0.14424270391464233, 0.16447066852587283, 1791403611514261238, 
0.11699026823043823, -0.31659984588623047, 0.21233065082422956, 1791403611551599654, 
-0.12550044059753418, 0.037349045276641846, 0.2139622768881816, 1791403611581651178, 
0.38182902336120605, 0.20487427711486816, 0.20606360981432703, 1791403611610799638, 
0.030174970626831055, -0.11667430400848389, 0.176838133623898, 1791403611643142394, 
-0.2786713242530823, -0.03140294551849365, 0.19884149553744287, 1791403611675536771, 
-0.0796363353729248, 0.11868590116500854, 0.22826732433433575, 1791403611702288839, 
0.12077963352203369, -0.24226397275924683, 0.20303638994573675, 1791403611731896816, 
0.010674476623535156, 0.1108890175819397, 0.20962703111735884, 1791403611761961901, 
0.049444735050201416, 0.11928844451904297, 0.20389405131750898, 1791403611792015372, 
-0.178979754447937, -0.24326109886169434, 0.19210376250496308, 1791403611822117140, 
-0.07165306806564331, 0.05018538236618042, 0.2139304691297463, 1791403611852122019, 
0.10422682762145996, 0.1624770164489746, 0.20054264082899745, 1791403611883180642, 
-0.020113766193389893, -0.17765969038009644, 0.17234661444767044, 1791403611915316633, 
-0.06341361999511719, 0.03597438335418701, 0.22943503345299873, 1791403611952300637, 
-0.16576701402664185, -0.20030641555786133, 0.20218334004044677, 1791403611982518066, 
0.017447173595428467, -0.14231771230697632, 0.19974199532155432, 1791403612012529825, 
-0.10184884071350098, 0.32748138904571533, 0.19250672989863535, 1791403612043396361, 
0.14208465814590454, -0.1877535581588745, 0.18131028192755258, 1791403612075143098, 
-0.27595603466033936, -0.14946192502975464, 0.19732466108028765, 1791403612102545008, 
-0.12044435739517212, 0.1678977608680725, 0.2024087018306526, 1791403612132602375, 
0.20584821701049805, -0.10814142227172852, 0.21886474036809975, 1791403612162615163, 
0.0641297698020935, 0.06647396087646484, 0.19820783204672895, 1791403612192755776, 
0.038507163524627686, 0.30262112617492676, 0.18444409214176383, 1791403612222725785, 
0.1202775239944458, -0.34860050678253174, 0.17175559524561104, 1791403612252875532, 
0.22364580631256104, -0.1205187439918518, 0.18388676520391622, 1791403612283163309, 
-0.3769174814224243, 0.1885654330253601, 0.19470691260715714, 1791403612315562034, 
0.3584641218185425, 0.0015445947647094727, 0.21659542337210613, 1791403612342942202, 
-0.17186397314071655, 0.028183817863464355, 0.16713690738247708, 1791403612372963710, 
-0.08029323816299438, -0.0022034645080566406, 0.18874918216475386, 1791403612403712266, 
0.05563539266586304, -0.07661724090576172, 0.21852799314702867, 1791403612432809824, 
-0.12583506107330322, -0.08441919088363647, 0.1959602832264007, 1791403612462826724, 
0.025837302207946777, 0.15006393194198608, 0.17630958513844644, 1791403612493757498, 
0.0002658367156982422, -0.045513033866882324, 0.18353933410580162, 1791403612523962369, 
-0.17581909894943237, -0.3155977129936218, 0.17857373031473756, 1791403612555370834, 
-0.02157694101333618, 0.17736637592315674, 0.2154013409428337, 1791403612585087371, 
0.2558780908584595, 0.14645689725875854, 0.223220037305884, 1791403612613841498, 
0.15212786197662354, -0.1442003846168518, 0.1865832515028256, 1791403612642812036, 
-0.34605127573013306, 0.08540493249893188, 0.18298960095880415, 1791403612673897528, 
-0.02346348762512207, 0.05639296770095825, 0.19902512069137338, 1791403612703835697, 
-0.0649600625038147, -0.179004967212677, 0.20547939054216136, 1791403612733854994, 
0.09343397617340088, 0.08635544776916504, 0.1968241475694787, 1791403612763963857, 
0.14847946166992188, 0.18164098262786865, 0.17002810556566872, 1791403612795171560, 
-0.22439038753509521, -0.18417924642562866, 0.1697523755635669, 1791403612826726947, 
-0.044426918029785156, 0.009596765041351318, 0.2334026438605064, 1791403612854095528, 
0.11657792329788208, 0.16852426528930664, 0.20566832099197735, 1791403612883970134, 
0.15468615293502808, -0.06771659851074219, 0.17604335889796752, 1791403612914053599, 
-0.13550299406051636, 0.08418715000152588, 0.18653450533512522, 1791403612944074641, 
-0.11441588401794434, -0.007604658603668213, 0.19641733541338469, 1791403612974097148, 
-0.430194616317749, -0.26433420181274414, 0.19956027003050444, 1791403613004130984, 
0.023879289627075195, 0.101737380027771, 0.18339166159650755, 1791403613035196473, 
0.27926599979400635, 0.22137552499771118, 0.166473709379334, 1791403613067356109, 
0.08654850721359253, -0.053263723850250244, 0.18160094298482998, 1791403613094224895, 
0.07605040073394775, -0.1543724536895752, 0.1928935659924659, 1791403613124172663, 
0.09841209650039673, 0.12147748470306396, 0.20621265441291853, 1791403613154246263, 
-0.14357739686965942, -0.15485084056854248, 0.1894239335009112, 1791403613184303893, 
0.07723134756088257, -0.011202573776245117, 0.18629303614178294, 1791403613214345273, 
-0.04041457176208496, 0.12135380506515503, 0.19666700628025946, 1791403613244400351, 
-0.15241408348083496, -0.21892023086547852, 0.16264596136575568, 1791403613276137821, 
0.09991812705993652, -0.09708207845687866, 0.18556128407001826, 1791403613307217759, 
0.17763662338256836, 0.1835370659828186, 0.2570785288611206, 1791403613333573049, 
-0.0016682744026184082, -0.005899608135223389, 0.17089344617269459, 1791403613364601166, 
-0.0775381326675415, -0.04069441556930542, 0.1541010751525356, 1791403613394705378, 
-0.00855565071105957, -0.042190730571746826, 0.18600077842271615, 1791403613424669192, 
-0.08559399843215942, -0.09835338592529297, 0.1974591052114079, 1791403613453793867, 
-0.0006310343742370605, 0.11635667085647583, 0.18496029678387557, 1791403613485097567, 
0.14089787006378174, 0.22823286056518555, 0.18200471610359056, 1791403613515227144, 
-0.034659504890441895, -0.3086509704589844, 0.14910177582219358, 1791403613547486537, 
-0.19554805755615234, -0.06387573480606079, 0.1870857560748661, 1791403613574995012, 
0.0178644061088562, 0.14608269929885864, 0.21864181346273137, 1791403613604989665, 
0.11013388633728027, 0.05463457107543945, 0.20864334643842003, 1791403613635051922, 
0.036081135272979736, -0.15076345205307007, 0.17260017958183244, 1791403613665200065, 
-0.20628321170806885, 0.04576551914215088, 0.17061297345798132, 1791403613695111795, 
0.17827540636062622, -0.0474085807800293, 0.19641369300015768, 1791403613725224452, 
-0.12163364887237549, -0.057432472705841064, 0.20148806595062238, 1791403613755266584, 
0.0765758752822876, 0.08187562227249146, 0.1780896032654403, 1791403613787710203, 
0.11159825325012207, 0.03646916151046753, 0.17737849680606627, 1791403613817345810, 
-0.38521355390548706, -0.351155161857605, 0.19077106117541062, 1791403613845371729, 
0.1959875226020813, 0.04734987020492554, 0.19874089141923262, 1791403613875378319, 
-0.44355303049087524, 0.4312893748283386, 0.1731421182658849, 1791403613896785880, 
0.17262262105941772, -0.23243600130081177, 0.1888627176818827, 1791403613935462717, 
-0.14083391427993774, -0.06289410591125488, 0.18525994680432864, 1791403613964558432, 
-0.06967860460281372, 0.13498657941818237, 0.1771875986296436, 1791403613995633291, 
-0.05371534824371338, -0.2121616005897522, 0.20172594042790132, 1791403614027225406, 
0.3771611452102661, 0.13761472702026367, 0.19704351533505526, 1791403614058458952, 
0.1504884958267212, 0.26461541652679443, 0.15726645857981644, 1791403614085903592, 
0.018111884593963623, -0.3832513093948364, 0.1703828382833337, 1791403614114798730, 
0.09298276901245117, 0.01441812515258789, 0.18346689135641953, 1791403614145877098, 
-0.15483814477920532, 0.35831183195114136, 0.18516319952157648, 1791403614175904791, 
0.052899301052093506, -0.2923145890235901, 0.17701346467315476, 1791403614205989528, 
-0.03054600954055786, 0.09231853485107422, 0.1865159467607329, 1791403614236049214, 
-0.07091063261032104, 0.14028531312942505, 0.1855570399999064, 1791403614267269438, 
-0.08542895317077637, -0.2877981662750244, 0.15584800765349036, 1791403614299673923, 
0.22948414087295532, 0.04918491840362549, 0.20631503373716784, 1791403614326178529, 
-0.073333740234375, 0.2974971532821655, 0.18031072883056368, 1791403614356190656, 
-0.1931701898574829, -0.25661569833755493, 0.16237551431970415, 1791403614386276117, 
-0.25971680879592896, -0.03946399688720703, 0.18367165300300717, 1791403614416316192, 
0.12862902879714966, 0.15372663736343384, 0.20665185176228204, 1791403614446325338, 
-0.11985230445861816, -0.07919281721115112, 0.1622341151343207, 1791403614476408510, 
0.014818847179412842, -0.009099006652832031, 0.1632312549802752, 1791403614507508280, 
-0.20414668321609497, 0.13095629215240479, 0.1773739246638882, 1791403614539269090, 
-0.057906270027160645, -0.10638421773910522, 0.18244616554075896, 1791403614566601565, 
0.1580684781074524, -0.1656484603881836, 0.18324310751961653, 1791403614595580471, 
0.04469388723373413, 0.1129724383354187, 0.18572118697021192, 1791403614626688610, 
0.08604294061660767, -0.027756571769714355, 0.16765920883463936, 1791403614656709701, 
-0.15285837650299072, -0.014860451221466064, 0.1714929718161469, 1791403614686750291, 
0.28203272819519043, 0.02260380983352661, 0.19369430548793282, 1791403614716841595, 
-0.28156954050064087, 0.04420274496078491, 0.16768222121087029, 1791403614747842529, 
0.33957910537719727, -0.11561375856399536, 0.16481447099538685, 1791403614779285417, 
-0.06646531820297241, 0.23258846998214722, 0.20270945420087946, 1791403614806988580, 
-0.37386345863342285, -0.05542236566543579, 0.1882895310972566, 1791403614836983872, 
0.09098851680755615, -0.2683050036430359, 0.18114741297230827, 1791403614867081190, 
0.022521018981933594, 0.26400041580200195, 0.18021926837990196, 1791403614897092510, 
-0.19007813930511475, 0.16205930709838867, 0.173086817464682, 1791403614927140346, 
0.1592268943786621, -0.33846384286880493, 0.15647543881588435, 1791403614957248300, 
-0.15997916460037231, 0.12661528587341309, 0.17806241409901463, 1791403614987338665, 
-0.04646289348602295, -0.014677822589874268, 0.18473552762872075, 1791403615019868772, 
-0.042480289936065674, -0.039771080017089844, 0.1962149495354189, 1791403615047413657, 
0.148790180683136, 0.12881463766098022, 0.17548860121974677, 1791403615077476102, 
0.00453031063079834, -0.03452563285827637, 0.16659759087594153, 1791403615107453056, 
-0.06918150186538696, -0.29823243618011475, 0.17959386919931317, 1791403615137497127, 
-0.036689579486846924, 0.10450148582458496, 0.21127467519154272, 1791403615166783843, 
0.1586017608642578, 0.3320245146751404, 0.17992084987275395, 1791403615197634666, 
-0.09455382823944092, -0.31978684663772583, 0.15993451275704743, 1791403615227684630, 
-0.1561334729194641, -0.12245887517929077, 0.16002335468748125, 1791403615259705488, 
-0.06354779005050659, 0.17225444316864014, 0.1781008305762669, 1791403615290290065, 
-0.26877427101135254, -0.18673217296600342, 0.1951030918774258, 1791403615317816216, 
0.7722089290618896, -0.023578286170959473, 0.1717448667283686, 1791403615347812784, 
-0.4706456661224365, 0.4045402407646179, 0.1519047283099536, 1791403615377877893, 
-0.1801600456237793, -0.4370145797729492, 0.15589855778084286, 1791403615407965715, 
-0.04799753427505493, -0.06814199686050415, 0.18093051197037044, 1791403615438039543, 
-0.2087477445602417, 0.4347887635231018, 0.20182459675907838, 1791403615468096600, 
0.6130471229553223, -0.08455586433410645, 0.17383339195827877, 1791403615499308611, 
-0.2581167221069336, -0.3438275456428528, 0.15350643637188946, 1791403615531447436, 
0.151375412940979, 0.11115133762359619, 0.19758174513734028, 1791403615558181767, 
-0.2074992060661316, 0.07876020669937134, 0.16500592790979451, 1791403615588275864, 
-0.017343580722808838, -0.08124661445617676, 0.17579806912050094, 1791403615618332784, 
-0.06285721063613892, 0.09748071432113647, 0.18023888648855316, 1791403615648351381, 
-0.061225295066833496, -0.1048206090927124, 0.16629151453542612, 1791403615678395773, 
-0.1397247314453125, -0.2105063796043396, 0.18623148325966812, 1791403615708445837, 
0.357085645198822, 0.2119765281677246, 0.1845182765586998, 1791403615739946323, 
-0.03911006450653076, 0.21781504154205322, 0.1386366048606473, 1791403615771822052, 
-0.0026397109031677246, -0.41288602352142334, 0.1785941232796003, 1791403615798648370, 
-0.02358269691467285, -0.011465370655059814, 0.18970413769131833, 1791403615827710202, 
-0.010497868061065674, 0.31688082218170166, 0.17333713790823665, 1791403615858665476, 
0.061733901500701904, -0.27831506729125977, 0.1705024024041122, 1791403615888695735, 
0.0850144624710083, 0.00270920991897583, 0.1712909065928415, 1791403615918887771, 
-0.09090542793273926, 0.2680593729019165, 0.1388117684954133, 1791403615948954625, 
-0.3272750973701477, -0.3006700277328491, 0.13996546432809956, 1791403615979383923, 
0.15251284837722778, -0.06498855352401733, 0.1805971679101429, 1791403616011655602, 
0.26264137029647827, 0.1963152289390564, 0.18689455325503848, 1791403616049051989, 
-0.1743694543838501, -0.21734857559204102, 0.1518823968649755, 1791403616079089921, 
-0.28679412603378296, -0.05295920372009277, 0.17533855664218176, 1791403616109116034, 
0.47789663076400757, 0.16544687747955322, 0.1901248279484795, 1791403616139347691, 
-0.22933441400527954, -0.06483888626098633, 0.14797781880622052, 1791403616171744707, 
-0.36032378673553467, 0.09978163242340088, 0.18306894058454895, 1791403616199332664, 
0.03510427474975586, 0.13350200653076172, 0.15708290574078662, 1791403616229306209, 
-0.27644211053848267, -0.28593361377716064, 0.15272721767323466, 1791403616259335671, 
0.32615935802459717, -0.04131382703781128, 0.17854128480650325, 1791403616289387360, 
0.22998368740081787, 0.29245424270629883, 0.16634303376959247, 1791403616319679418, 
-0.16770011186599731, -0.13296234607696533, 0.14816714001860432, 1791403616349467865, 
-0.312701940536499, -0.08856034278869629, 0.14492827994174765, 1791403616379586149, 
-0.23162347078323364, 0.1078844666481018, 0.16182630068596973, 1791403616412242991, 
0.3533972501754761, -0.13042950630187988, 0.19147802658094557, 1791403616442143068, 
0.01355832815170288, 0.08780354261398315, 0.17442352972606887, 1791403616469725407, 
-0.04214584827423096, 0.09474623203277588, 0.1515205820349803, 1791403616499832199, 
-0.08019143342971802, -0.2782207131385803, 0.16516500780764634, 1791403616529858674, 
0.0415644645690918, 0.04181331396102905, 0.18295196488176468, 1791403616560133187, 
0.03589528799057007, 0.44950711727142334, 0.16246585728284885, 1791403616589998532, 
0.03681761026382446, -0.242942214012146, 0.15025919168872326, 1791403616620038771, 
-0.2249125838279724, -0.21081072092056274, 0.14768803559385627, 1791403616651539948, 
-0.07262170314788818, 0.19256526231765747, 0.17712133030882937, 1791403616682864197, 
0.13457870483398438, -0.044293105602264404, 0.2177673786839754, 1791403616710155277, 
0.040096402168273926, -0.053644001483917236, 0.16950891306602334, 1791403616740144721, 
-0.2517579197883606, 0.16231435537338257, 0.14686298884248652, 1791403616770185043, 
-0.0717896819114685, -0.16638314723968506, 0.13884095636995833, 1791403616800216273, 
0.2561570405960083, -0.2361040711402893, 0.19640444144438488, 1791403616830249770, 
-0.02370399236679077, 0.3250753879547119, 0.2001123930761299, 1791403616860316346, 
0.20173275470733643, 0.09910458326339722, 0.13876742039328147, 1791403616891779349, 
-0.26977646350860596, -0.2995906472206116, 0.13011963154391173, 1791403616923999322, 
0.5484832525253296, 0.02228325605392456, 0.2174219435607671, 1791403616950548833, 
-0.27998030185699463, 0.22062993049621582, 0.19405204055546107, 1791403616980523616, 
0.26470643281936646, -0.2499273419380188, 0.17282412347225792, 1791403617010567914, 
-0.2175796627998352, 0.1432839035987854, 0.14886353939153105, 1791403617040636027, 
-0.19758552312850952, 0.012003779411315918, 0.14989775449354878, 1791403617070932836, 
0.10690218210220337, -0.2304561734199524, 0.1700195465632521, 1791403617099747703, 
-0.3146321177482605, 0.0990026593208313, 0.174931932417976, 1791403617131961565, 
0.06188154220581055, 0.22774845361709595, 0.15049211954165456, 1791403617163502471, 
-0.0712118148803711, -0.28432178497314453, 0.14921539305696108, 1791403617190949052, 
0.0099143385887146, -0.10436320304870605, 0.1747673264682773, 1791403617220947362, 
-0.21688711643218994, 0.24265748262405396, 0.1960008518236495, 1791403617250981294, 
0.04952722787857056, -0.05977058410644531, 0.16127727857246085, 1791403617281010902, 
-0.07889294624328613, -0.030161499977111816, 0.1503397228126637, 1791403617311036970, 
-0.09163141250610352, 0.08995330333709717, 0.16330949737355369, 1791403617341143070, 
-0.0602952241897583, -0.12149953842163086, 0.16301225599887134, 1791403617371924949, 
0.01747763156890869, -0.19533079862594604, 0.17544633213873959, 1791403617403462022, 
-0.09245628118515015, 0.27423542737960815, 0.18716993690381106, 1791403617431351545, 
-0.047709763050079346, 0.08352190256118774, 0.13234495580322017, 1791403617461324787, 
0.09462481737136841, -0.443828284740448, 0.14141131239444324, 1791403617491359467, 
-0.05213350057601929, 0.13648241758346558, 0.18099010701677984, 1791403617521425034, 
0.0913398265838623, 0.258678674697876, 0.17730541642369402, 1791403617551520560, 
0.02987217903137207, -0.23901700973510742, 0.142612222307638, 1791403617581534070, 
0.03299236297607422, 0.008253931999206543, 0.15387425884815661, 1791403617611547898, 
-0.27984434366226196, 0.23318171501159668, 0.15883260499712218, 1791403617642802880, 
0.0025478005409240723, -0.3696900010108948, 0.16179744902656046, 1791403617674230709, 
-0.1263953447341919, 0.20177817344665527, 0.16344882950689218, 1791403617702204623, 
0.3493189811706543, 0.26173967123031616, 0.13923568606571202, 1791403617730738471, 
0.5134698748588562, -0.14438879489898682, 0.10824689594603355, 1791403617754312670, 
-0.5738551616668701, -0.29893064498901367, 0.17531682102606402, 1791403617781886042, 
0.3203102946281433, 0.14929741621017456, 0.18025478199566886, 1791403617811886453, 
0.0058716535568237305, 0.10927116870880127, 0.1328049479497266, 1791403617841956073, 
-0.09263038635253906, -0.3371504545211792, 0.13565071706779025, 1791403617872015114, 
-0.08722102642059326, 0.07068204879760742, 0.1551282628352541, 1791403617902048292, 
-0.2198823094367981, 0.12136930227279663, 0.17751005462609612, 1791403617932146972, 
0.032807111740112305, -0.27786970138549805, 0.16554606887784692, 1791403617963511131, 
-0.09057557582855225, 0.16943436861038208, 0.15686898761852044, 1791403617995498492, 
0.15683072805404663, 0.16229760646820068, 0.16487899835926473, 1791403618022390349, 
0.0165521502494812, -0.3529435992240906, 0.146891087484865, 1791403618052356279, 
0.07460910081863403, 0.08202338218688965, 0.1674810931957504, 1791403618082761124, 
0.0485764741897583, 0.22964763641357422, 0.15056959859316135, 1791403618112523615, 
-0.11934047937393188, -0.2713496685028076, 0.14658486045664065, 1791403618142554840, 
-0.16206037998199463, 0.04528695344924927, 0.1551375186959307, 1791403618172582198, 
-0.018461227416992188, 0.17807269096374512, 0.16252692599503973, 1791403618204191668, 
0.16001731157302856, -0.20900261402130127, 0.16638391403057462, 1791403618235566579, 
0.1849919557571411, 0.07497614622116089, 0.191910966036763, 1791403618262650083, 
-0.047486841678619385, 0.18995791673660278, 0.16143266662676758, 1791403618292708849, 
-0.1644117832183838, -0.26453447341918945, 0.16078050681678324, 1791403618321804093, 
0.02084892988204956, -0.0842294692993164, 0.1721462601828856, 1791403618351816876, 
-0.010332822799682617, 0.3454330563545227, 0.14811194786203657, 1791403618382899344, 
-0.04716622829437256, -0.13232284784317017, 0.13974657685760686, 1791403618413027281, 
-0.050608813762664795, -0.2560763359069824, 0.17320097217580507, 1791403618443559633, 
-0.0857553482055664, 0.13310885429382324, 0.17069676878771756, 1791403618475532785, 
-0.40749478340148926, 0.00800853967666626, 0.15094750592652897, 1791403618503129461, 
0.7868019938468933, -0.28657299280166626, 0.13497926182926376, 1791403618533115590, 
-0.22612082958221436, 0.2648355960845947, 0.15936949293760175, 1791403618563171362, 
-0.1855800747871399, 0.0462457537651062, 0.17098385119960688, 1791403618593238171, 
0.21349859237670898, -0.3456715941429138, 0.170339372125538, 1791403618623249285, 
-0.08918929100036621, 0.20340114831924438, 0.15098411111781482, 1791403618653308528, 
0.34070855379104614, 0.2838219404220581, 0.11123195473641816, 1791403618683831371, 
-0.21846026182174683, -0.3767601251602173, 0.11435452445140674, 1791403618715971147, 
0.0829353928565979, 0.10715383291244507, 0.17948911366512074, 1791403618743421804, 
-0.10585331916809082, 0.22152328491210938, 0.18074497489683428, 1791403618774122239, 
-0.06202590465545654, -0.16893863677978516, 0.14498587638021695, 1791403618804082911, 
-0.07793033123016357, 0.08451026678085327, 0.15144322550433795, 1791403618834166025, 
-0.06585043668746948, 0.11119252443313599, 0.16901917423115684, 1791403618864135685, 
-0.14064937829971313, -0.17199063301086426, 0.16229830847037513, 1791403618894222974, 
0.16817456483840942, -0.0640033483505249, 0.16668206173194347, 1791403618924218814, 
-0.028801798820495605, 0.32208549976348877, 0.15527742992593602, 1791403618955512979, 
0.10298240184783936, -0.110110342502594, 0.14472953367867056, 1791403618985364306, 
-0.38842451572418213, -0.35617655515670776, 0.15936191539436204, 1791403619014331611, 
-0.024143993854522705, 0.1572088599205017, 0.17852199188292084, 1791403619044194385, 
0.15739601850509644, 0.24738305807113647, 0.16385644439372843, 1791403619074294783, 
-0.20504701137542725, -0.17626416683197021, 0.1405903050933944, 1791403619104283434, 
-0.10011661052703857, -0.1640588641166687, 0.14762897750424298, 1791403619134404159, 
-0.12161040306091309, 0.15193873643875122, 0.16807542263524136, 1791403619164366583, 
0.1162104606628418, -0.10239720344543457, 0.16619780931549, 1791403619195582215, 
0.13484835624694824, 0.04576832056045532, 0.1449515783276836, 1791403619228198871, 
-0.055525004863739014, 0.13114571571350098, 0.16497773923157905, 1791403619254570138, 
-0.006381869316101074, -0.16539257764816284, 0.1562370601264354, 1791403619284444502, 
0.008525967597961426, -0.13327336311340332, 0.183672446870984, 1791403619314483717, 
0.47464025020599365, 0.30916517972946167, 0.14714777561130604, 1791403619344445776, 
-0.22000044584274292, -0.03025376796722412, 0.12291219026060703, 1791403619374495478, 
-0.08148741722106934, -0.18155133724212646, 0.1312693088531526, 1791403619404572822, 
-0.11054372787475586, -0.03171968460083008, 0.15391707907661878, 1791403619435869028, 
-0.23123258352279663, 0.04872936010360718, 0.1465114510881981, 1791403619467536339, 
-0.07529526948928833, 0.03818148374557495, 0.15559075987647022, 1791403619494882288, 
-0.23714756965637207, 0.07846784591674805, 0.1285331219893773, 1791403619524764148, 
0.1771816611289978, -0.1583852767944336, 0.130733534027249, 1791403619553802844, 
-0.23230314254760742, -0.20116859674453735, 0.16649770450881446, 1791403619584873273, 
0.2809150815010071, 0.27518123388290405, 0.163781140429339, 1791403619615069551, 
0.2580634355545044, -0.10032069683074951, 0.12360676191537796, 1791403619645091761, 
-0.15011149644851685, -0.3252614140510559, 0.13664804194357147, 1791403619676028164, 
-0.14797061681747437, 0.16048508882522583, 0.1656501088140352, 1791403619706778439, 
-0.06798923015594482, 0.25084173679351807, 0.155741240826439, 1791403619735167223, 
0.13168567419052124, -0.13042587041854858, 0.13809195354185758, 1791403619765125529, 
-0.10213291645050049, -0.0016587376594543457, 0.1446126352318289, 1791403619795150935, 
0.09110504388809204, 0.042820632457733154, 0.13982217071177258, 1791403619825231601, 
0.04615813493728638, -0.26328223943710327, 0.15385218467495615, 1791403619855259233, 
0.08179032802581787, 0.1682226061820984, 0.17743573511926136, 1791403619885331217, 
-0.14440429210662842, 0.1919877529144287, 0.15729022427794404, 1791403619915579923, 
-0.04397541284561157, -0.43221884965896606, 0.1191683262555928, 1791403619947704284, 
0.0503886342048645, -0.0219881534576416, 0.1671317363890268, 1791403619975508379, 
-0.08227640390396118, 0.4433950185775757, 0.1742627649215661, 1791403620005515190, 
-0.15370088815689087, -0.13509660959243774, 0.14551993050909176, 1791403620035582930, 
-0.24327993392944336, -0.18031156063079834, 0.13657034148466482, 1791403620065607114, 
-0.2915958762168884, 0.09144240617752075, 0.16508983647927, 1791403620095635908, 
0.59494948387146, -0.0723729133605957, 0.1615805233377522, 1791403620125711495, 
-0.350101113319397, -0.10319405794143677, 0.1462753968905485, 1791403620155989816, 
-0.11812907457351685, 0.09080451726913452, 0.14385825587904782, 1791403620187995092, 
0.10277718305587769, -0.046984732151031494, 0.14369885960347087, 1791403620217955290, 
0.04270625114440918, -0.1683056354522705, 0.1631419798434604, 1791403620244945954, 
0.47278374433517456, 0.22289955615997314, 0.15842683344244232, 1791403620275938006, 
0.0028969645500183105, 0.1693892478942871, 0.1469521763596295, 1791403620305994487, 
-0.013238906860351562, -0.436917245388031, 0.13512745964047362, 1791403620336052749, 
0.09072673320770264, 0.047778308391571045, 0.15451887650614546, 1791403620366151307, 
-0.06314873695373535, 0.27492040395736694, 0.16542294476561062, 1791403620396202438, 
-0.05621075630187988, -0.23791396617889404, 0.1303917230631505, 1791403620427593658, 
0.1843475103378296, 0.0984344482421875, 0.13328854464927758, 1791403620459578485, 
0.12251675128936768, 0.13528001308441162, 0.1814288551727107, 1791403620486621693, 
-0.14713573455810547, -0.25550079345703125, 0.16103345756522955, 1791403620516393429, 
-0.16516953706741333, 0.00307387113571167, 0.15092152722734173, 1791403620546388232, 
0.12179112434387207, 0.3499285578727722, 0.13028135177333042, 1791403620576409123, 
-0.15128594636917114, -0.21124136447906494, 0.12982423008284477, 1791403620606465023, 
-0.14065301418304443, -0.2060677409172058, 0.14862045519973976, 1791403620636551212, 
0.18120801448822021, 0.24581003189086914, 0.16526307205815757, 1791403620666816145, 
0.15990972518920898, 0.13869380950927734, 0.1268915958633085, 1791403620700002467, 
-0.13551044464111328, -0.31205976009368896, 0.14634367172658572, 1791403620726706199, 
-0.2315521240234375, 0.07592523097991943, 0.1521150160890434, 1791403620756726286, 
0.01723378896713257, 0.14861547946929932, 0.1599827969072157, 1791403620786836691, 
0.004423260688781738, -0.24978280067443848, 0.144084705720446, 1791403620816872618, 
-0.12135165929794312, 0.1024777889251709, 0.14458030527641194, 1791403620845924059, 
0.1366945505142212, 0.1806381344795227, 0.13207231549629517, 1791403620876011636, 
-0.3628038167953491, -0.3374134302139282, 0.1231078765354403, 1791403620907864208, 
0.7813035845756531, 0.0031138062477111816, 0.16394718138851969, 1791403620939577227, 
-0.3485369086265564, 0.43568623065948486, 0.1829298542980934, 1791403620967254203, 
0.47364699840545654, -0.21609914302825928, 0.13161072088347772, 1791403620997142598, 
-0.26054126024246216, -0.18892443180084229, 0.13915399987485605, 1791403621027198522, 
-0.2509728670120239, 0.22378945350646973, 0.16283667157623832, 1791403621057221632, 
0.29779356718063354, 0.024812281131744385, 0.14152357568648502, 1791403621087303111, 
-0.2046763300895691, -0.11693388223648071, 0.1367230752543167, 1791403621117564457, 
0.19002693891525269, 0.03906750679016113, 0.14768704342027708, 1791403621148048102, 
-0.05293494462966919, -0.10352891683578491, 0.14268046808534712, 1791403621179578408, 
0.3033750653266907, -0.17631465196609497, 0.1775210683875146, 1791403621207611799, 
-0.08029705286026001, 0.23227918148040771, 0.15885169330898458, 1791403621237590202, 
0.07894915342330933, 0.033323705196380615, 0.11233147095486827, 1791403621267647803, 
-0.23042017221450806, -0.3134286403656006, 0.11031315857324143, 1791403621297642509, 
-0.08853143453598022, 0.1271575689315796, 0.15173614422908605, 1791403621327768135, 
-0.0035467147827148438, 0.19265127182006836, 0.15994877709887853, 1791403621356784406, 
0.13558036088943481, -0.2004433274269104, 0.12758257807066434, 1791403621387997028, 
-0.0897212028503418, 0.08225011825561523, 0.1301121041870348, 1791403621419594010, 
-0.08617663383483887, 0.14718306064605713, 0.12812634397959052, 1791403621449970230, 
-0.019416213035583496, -0.3254057765007019, 0.16067463330709356, 1791403621476936052, 
0.3073262572288513, 0.1394205093383789, 0.16569013277567898, 1791403621506989075, 
-0.007804751396179199, 0.3476436138153076, 0.13461471345943926, 1791403621538015096, 
-0.13020306825637817, -0.42705291509628296, 0.11242189664332423, 1791403621568061044, 
-0.31195104122161865, -0.13457566499710083, 0.13576190169699084, 1791403621598141817, 
0.13518500328063965, 0.3486700654029846, 0.16401211287105166, 1791403621628184371, 
-0.027039825916290283, 0.01933223009109497, 0.11503408115552191, 1791403621660083691, 
-0.12274861335754395, -0.2150440216064453, 0.10674613446781119, 1791403621691256483, 
0.2231653332710266, 0.13071227073669434, 0.15232938132796167, 1791403621718368550, 
-0.2602577209472656, 0.2355007529258728, 0.1502875890363814, 1791403621748415643, 
-0.05125689506530762, -0.08665519952774048, 0.13527988379346942, 1791403621771433631, 
0.16155731678009033, 0.1570744514465332, 0.16440472166848202, 1791403621808535202, 
-0.21989291906356812, 0.11264538764953613, 0.11667605411691812, 1791403621838953924, 
0.07252871990203857, -0.3654622435569763, 0.12510397780367108, 1791403621868621391, 
0.08371210098266602, 0.013205528259277344, 0.15210441550353332, 1791403621899928657, 
0.09126991033554077, 0.4132651090621948, 0.13843868646482685, 1791403621931922925, 
-0.14587277173995972, -0.14352017641067505, 0.12594918296679525, 1791403621958734824, 
-0.30334317684173584, -0.3127080202102661, 0.13633022254241525, 1791403621987858172, 
0.15702128410339355, 0.19252842664718628, 0.14131560921085884, 1791403622012006737, 
0.1413285732269287, 0.24885636568069458, 0.17143814150338982, 1791403622048945442, 
-0.06514513492584229, -0.2094295620918274, 0.13308324647934403, 1791403622078945292, 
-0.24849796295166016, -0.16476106643676758, 0.1402057931293974, 1791403622109011696, 
0.06871485710144043, 0.17759406566619873, 0.15489631207837398, 1791403622139692101, 
-0.1561058759689331, 0.049057722091674805, 0.1354918150370584, 1791403622172568217, 
-0.08767980337142944, -0.061435818672180176, 0.16135863917749488, 1791403622199285346, 
-0.007860839366912842, 0.0757220983505249, 0.12745571895404711, 1791403622229208691, 
0.10915344953536987, -0.18483304977416992, 0.16012290917296032, 1791403622259250528, 
-0.08250755071640015, 0.019242525100708008, 0.1663536301123069, 1791403622289345780, 
0.1431453824043274, 0.2084561586380005, 0.1298146751248785, 1791403622319363234, 
-0.03167903423309326, -0.058108747005462646, 0.1155443316422502, 1791403622349423586, 
-0.24070167541503906, -0.0691227912902832, 0.13540030230291042, 1791403622379936806, 
0.0009676218032836914, 0.04706287384033203, 0.14055621993628334, 1791403622412275162, 
-0.2903285026550293, -0.026560425758361816, 0.13901318882269842, 1791403622469585520, 
-0.4329223036766052, 0.12885576486587524, 0.13251001032410215, 1791403622499605732, 
0.766459047794342, -0.3223835825920105, 0.13789272281385434, 1791403622529685503, 
-0.4405345916748047, -0.15754026174545288, 0.15280399030036917, 1791403622559710577, 
-0.22775030136108398, 0.2742905616760254, 0.16510013731633227, 1791403622588784929, 
0.0836477279663086, 0.12700629234313965, 0.11494627467176584, 1791403622620188955, 
-0.16525185108184814, -0.3511728048324585, 0.11783702920745966, 1791403622651968527, 
0.3962780237197876, 0.01399010419845581, 0.17591606688549521, 1791403622681870508, 
-0.3544538617134094, 0.3015575408935547, 0.14891543307639676, 1791403622710252846, 
0.22543931007385254, -0.25803619623184204, 0.1158235011396033, 1791403622740096458, 
-0.21523791551589966, 0.03073441982269287, 0.1160579347348849, 1791403622762151020, 
-0.14392369985580444, 0.11657166481018066, 0.16055702220879836, 1791403622790162954, 
0.09067988395690918, -0.18880826234817505, 0.14767754575465647, 1791403622820152692, 
0.28251951932907104, 0.10653185844421387, 0.13646005505511372, 1791403622850193948, 
-0.11623364686965942, 0.2348659634590149, 0.14056847811444878, 1791403622880262053, 
-0.07992422580718994, -0.326942503452301, 0.13110814765231593, 1791403622910309653, 
-0.10837900638580322, -0.21893936395645142, 0.142954939005603, 1791403622940456103, 
0.19857847690582275, 0.3252373933792114, 0.1587543786443155, 1791403622971911792, 
-0.230516254901886, 0.22782272100448608, 0.12350580307674998, 1791403623003408307, 
0.041259169578552246, -0.38177490234375, 0.122245235090693, 1791403623030516008, 
0.056115150451660156, 0.042865753173828125, 0.1495813993548969, 1791403623060510553, 
0.014627993106842041, 0.26207637786865234, 0.1653972637243995, 1791403623090554438, 
0.04224836826324463, -0.040169596672058105, 0.14076448844273168, 1791403623120621304, 
-0.22063887119293213, 0.08834445476531982, 0.12588912237428143, 1791403623150695158, 
-0.16142213344573975, 0.030315279960632324, 0.12937609801892683, 1791403623180741725, 
-0.044767916202545166, -0.22906410694122314, 0.13102200221965718, 1791403623212105904, 
0.09639638662338257, 0.10335230827331543, 0.1425494858400674, 1791403623244214357, 
-0.200592041015625, 0.28214502334594727, 0.14797445285978142, 1791403623270987184, 
-0.3526790738105774, -0.1278132200241089, 0.11247030226947827, 1791403623300943634, 
0.6767688989639282, -0.2709079384803772, 0.14021374557821298, 1791403623330984949, 
-0.4518977403640747, 0.11321520805358887, 0.1583879984064243, 1791403623361025362, 
0.21802586317062378, 0.21474897861480713, 0.14103193567994235, 1791403623390092757, 
0.053201377391815186, -0.10979664325714111, 0.10740218046378855, 1791403623421155502, 
-0.056854844093322754, -0.11742770671844482, 0.11953703909124713, 1791403623452423007, 
0.3266335725784302, 0.17697197198867798, 0.13238466734580537, 1791403623483930228, 
-0.0661616325378418, 0.00264817476272583, 0.15166683603394943, 1791403623511345321, 
-0.0848587155342102, 0.0942491888999939, 0.1340714736965519, 1791403623541329202, 
0.10228347778320312, 0.09427767992019653, 0.09402006331405774, 1791403623571374857, 
-0.3151397705078125, -0.37332451343536377, 0.11160172632613621, 1791403623601409003, 
-0.07043987512588501, 0.04152923822402954, 0.1652433883786339, 1791403623631482460, 
0.1065782904624939, 0.46128636598587036, 0.14070857667908176, 1791403623661553344, 
0.21238338947296143, -0.15268391370773315, 0.1063127955338987, 1791403623692266720, 
-0.26013898849487305, -0.41967886686325073, 0.13454569929419907, 1791403623723918655, 
-0.016677439212799072, 0.13438522815704346, 0.1720455434239737, 1791403623751753525, 
0.223646879196167, 0.3208630681037903, 0.13009251793196364, 1791403623781753222, 
-0.27307361364364624, -0.16956037282943726, 0.11254683751099415, 1791403623811760811, 
-0.20338231325149536, -0.15697717666625977, 0.128298579790551, 1791403623841846411, 
0.30721306800842285, 0.16136574745178223, 0.12160889481423909, 1791403623871874776, 
-0.0077097415924072266, 0.014653265476226807, 0.13197671183826484, 1791403623901952873, 
-0.0684017539024353, 0.05746680498123169, 0.15084984798922563, 1791403623932077330, 
-0.19011086225509644, 0.04569798707962036, 0.1305108587725847, 1791403623964244173, 
-0.19986295700073242, -0.3336276412010193, 0.14385071243713474, 1791403623993926144, 
-0.009803354740142822, -0.011061787605285645, 0.1481363407902651, 1791403624022204000, 
-0.18955814838409424, 0.3406178951263428, 0.09806200868960012, 1791403624052156137, 
0.2041906714439392, -0.0742611289024353, 0.08420512857834356, 1791403624082254865, 
-0.30319422483444214, -0.3795243501663208, 0.13553467411407175, 1791403624112276885, 
0.742561936378479, 0.16951096057891846, 0.17099782807948563, 1791403624142369299, 
-0.24217528104782104, 0.297160267829895, 0.14514552593823168, 1791403624172421403, 
-0.06731796264648438, -0.4098799228668213, 0.12605229111719296, 1791403624203831908, 
-0.3584086298942566, -0.15465331077575684, 0.1195360362726013, 1791403624234806477, 
0.2943841814994812, 0.002831101417541504, 0.1413335395205876, 1791403624262688600, 
-0.03596043586730957, 0.09411072731018066, 0.14493949164870948, 1791403624292604670, 
-0.08703237771987915, 0.13401001691818237, 0.14884029135278065, 1791403624322652604, 
-0.045235514640808105, 0.020314335823059082, 0.13091789185451833, 1791403624352661660, 
-0.26930129528045654, -0.2629725933074951, 0.1372842936818691, 1791403624382712328, 
0.22819316387176514, 0.0859975814819336, 0.164590639642797, 1791403624411792164, 
0.21212804317474365, 0.34570759534835815, 0.12279328879039315, 1791403624442792166, 
0.08716684579849243, -0.14604675769805908, 0.07845805505567137, 1791403624476426870, 
-0.26742053031921387, -0.25495851039886475, 0.12981114766587534, 1791403624502974862, 
0.012734055519104004, 0.17712634801864624, 0.15775712792604663, 1791403624532961539, 
0.08389133214950562, 0.16676002740859985, 0.14290292800309523, 1791403624563059039, 
-0.07365572452545166, -0.14954447746276855, 0.11059336174500015, 1791403624593113734, 
-0.07593971490859985, -0.13882237672805786, 0.12738651692800065, 1791403624623130102, 
0.1022791862487793, 0.08933156728744507, 0.15111852295903921, 1791403624653209573, 
0.11437386274337769, -0.11038863658905029, 0.15566100761703255, 1791403624682812109, 
-0.0871172547340393, 0.16257327795028687, 0.12137832604342222, 1791403624715837698, 
0.03555101156234741, 0.09167975187301636, 0.12346441071123322, 1791403624743443388, 
-0.2655448317527771, -0.36940717697143555, 0.11387748620708318, 1791403624773431954, 
0.00999981164932251, 0.06297600269317627, 0.14421804479967298, 1791403624803507126, 
-0.08683711290359497, 0.4854523539543152, 0.12492260650289852, 1791403624833603756, 
0.07911127805709839, -0.25100255012512207, 0.10965442076098629, 1791403624863503698, 
-0.3803862929344177, -0.1937907338142395, 0.11605748262266376, 1791403624893578699, 
0.48182064294815063, 0.17333245277404785, 0.14083555279819407, 1791403624924919705, 
-0.3831840753555298, 0.23927760124206543, 0.1376653212690612, 1791403624956042293, 
-0.22084927558898926, -0.12278038263320923, 0.15522538604737351, 1791403624983723630, 
-0.27416056394577026, 0.1029556393623352, 0.1110677101437522, 1791403625014445966, 
-0.17093318700790405, -0.1151091456413269, 0.1206510879357033, 1791403625044429074, 
-0.10503655672073364, -0.1786927580833435, 0.14057555842917355, 1791403625065926032, 
-0.07383161783218384, 0.16176152229309082, 0.1622190193243013, 1791403625094458344, 
-0.4410613179206848, 0.2716270685195923, 0.12039060813594207, 1791403625124477365, 
0.22721922397613525, -0.33181917667388916, 0.10009650835291134, 1791403625154639408, 
-0.21754306554794312, -0.08119720220565796, 0.13886720892151208, 1791403625184531624, 
-0.11400264501571655, 0.31897419691085815, 0.15732905763416094, 1791403625214518221, 
0.13864922523498535, -0.040827929973602295, 0.1253530540643071, 1791403625244623229, 
-0.03197723627090454, -0.2455892562866211, 0.11159423686107973, 1791403625276466955, 
-0.35792165994644165, 0.18377900123596191, 0.12978715831172763, 1791403625307573236, 
-0.02631235122680664, 0.17905008792877197, 0.14533528770328272, 1791403625334669389, 
0.2649221420288086, -0.24889743328094482, 0.1287874628636416, 1791403625364598663, 
0.08544230461120605, 0.2017461061477661, 0.1349053600954148, 1791403625394618001, 
-0.27569931745529175, 0.061245620250701904, 0.12884588954812345, 1791403625424641134, 
-0.12329351902008057, -0.3897046446800232, 0.12419334902237296, 1791403625454701746, 
-0.0048964619636535645, 0.176923930644989, 0.148341205341623, 1791403625484765582, 
-0.21933287382125854, 0.42020922899246216, 0.12510306858434417, 1791403625515891495, 
0.030717313289642334, -0.40133100748062134, 0.08788087949145597, 1791403625547832363, 
0.018318772315979004, -0.2691076993942261, 0.14590419861038903, 1791403625574831119, 
0.08489024639129639, 0.43081438541412354, 0.17311347263007465, 1791403625603794818, 
-0.049117088317871094, 0.2001301646232605, 0.1318121043468171, 1791403625634846490, 
-0.026414930820465088, -0.4279490113258362, 0.11762090375144589, 1791403625664867435, 
0.1064797043800354, 0.10609912872314453, 0.13591288549136873, 1791403625694918002, 
0.04656028747558594, 0.32464438676834106, 0.13303336323500564, 1791403625725044360, 
0.15988773107528687, -0.11287873983383179, 0.09538384782433101, 1791403625756306630, 
-0.19153660535812378, -0.08430087566375732, 0.12063792485316875, 1791403625787891976, 
0.10552585124969482, 0.14393460750579834, 0.13608541392564558, 1791403625815359359, 
-0.081900954246521, -0.13145697116851807, 0.1102524024898859, 1791403625845256973, 
0.1412520408630371, 0.022324204444885254, 0.1349684553964446, 1791403625875267953, 
0.10643303394317627, 0.23842322826385498, 0.1295581824686231, 1791403625905213519, 
-0.08276474475860596, -0.2866169810295105, 0.1136481662276853, 1791403625935313244, 
-0.2913958430290222, 0.06201827526092529, 0.11243169674849195, 1791403625965345233, 
-0.11776202917098999, 0.05939185619354248, 0.14909201002265923, 1791403625995906547, 
0.306333065032959, -0.062149643898010254, 0.12703067964062909, 1791403626028359314, 
0.1406383514404297, 0.04361557960510254, 0.11855632744065261, 1791403626055569489, 
-0.015470564365386963, 0.07454866170883179, 0.1261887690447202, 1791403626085564913, 
0.02857661247253418, -0.082752525806427, 0.13471799414593688, 1791403626115638888, 
-0.027429163455963135, -0.009774863719940186, 0.11905211118517427, 1791403626145659001, 
-0.035297274589538574, 0.3524439334869385, 0.12154378773683544, 1791403626175705522, 
-0.1272100806236267, 0.009204745292663574, 0.12133324065859127, 1791403626205769198, 
0.0075536370277404785, -0.3745264410972595, 0.11577957135458532, 1791403626235950729, 
0.19966614246368408, 0.1710759997367859, 0.1327301919862059, 1791403626268592896, 
0.2027530074119568, 0.37482625246047974, 0.13714174924244232, 1791403626297995140, 
-0.11459523439407349, -0.3262593150138855, 0.1277638498299448, 1791403626325909944, 
-0.17687642574310303, -0.24553871154785156, 0.13682787960766143, 1791403626355937136, 
-0.18666982650756836, 0.2566371560096741, 0.12610673571749656, 1791403626378043775, 
0.008135437965393066, 0.0888892412185669, 0.11638814352638212, 1791403626416046031, 
-0.12524819374084473, -0.31401175260543823, 0.11154254530435853, 1791403626446127811, 
-0.27227914333343506, 0.01986706256866455, 0.13634820849297452, 1791403626476227811, 
-0.21422594785690308, 0.23350495100021362, 0.12755990291312594, 1791403626507926278, 
0.5534155368804932, -0.19381260871887207, 0.12649442344466105, 1791403626537833187, 
-0.2850716710090637, 0.0842016339302063, 0.13367875102257493, 1791403626566465155, 
-0.31315284967422485, 0.0906137228012085, 0.12359297111191885, 1791403626596378575, 
0.2514861226081848, -0.2556646466255188, 0.12740173106853867, 1791403626626415555, 
-0.30300939083099365, 0.07307970523834229, 0.14039403416468552, 1791403626656459414, 
0.5470404028892517, 0.31014132499694824, 0.11592491857076331, 1791403626686536575, 
0.08879852294921875, -0.05743992328643799, 0.08437073829012429, 1791403626716689240, 
-0.28335607051849365, -0.2690246105194092, 0.1112784233120371, 1791403626748755598, 
-0.04934036731719971, 0.10340970754623413, 0.155670127778373, 1791403626780598488, 
0.0814366340637207, 0.3203883767127991, 0.15817479506694196, 1791403626805775601, 
0.12723809480667114, -0.2336214780807495, 0.09566874594688173, 1791403626836738316, 
-0.21052229404449463, -0.18051022291183472, 0.12070493305087555, 1791403626866826371, 
0.0011100172996520996, 0.2543236017227173, 0.13519364585061175, 1791403626896828967, 
0.16187304258346558, -0.04450100660324097, 0.12417350212300289, 1791403626926893388, 
0.011773824691772461, 0.12221097946166992, 0.11467905667993099, 1791403626956991540, 
-0.11988770961761475, 0.008468091487884521, 0.1036114213512574, 1791403626987883655, 
-0.1701369285583496, -0.17320305109024048, 0.11351457923643385, 1791403627019882168, 
0.004688680171966553, 0.07048994302749634, 0.16834250355455593, 1791403627047168894, 
0.09719985723495483, 0.3905315399169922, 0.11977670063311509, 1791403627077171605, 
0.10598307847976685, -0.09627944231033325, 0.07571169871687947, 1791403627107192956, 
-0.26629263162612915, -0.37218010425567627, 0.10900579910484567, 1791403627136270506, 
-0.27833467721939087, 0.1930149793624878, 0.1609948482700462, 1791403627167338547, 
0.007027387619018555, 0.3505849242210388, 0.1451472994526193, 1791403627197417207, 
0.2319619059562683, -0.29042744636535645, 0.09937672740262862, 1791403627228621615, 
-0.33781182765960693, -0.15141499042510986, 0.10943504458757244, 1791403627260044248, 
-0.17793196439743042, 0.2702344059944153, 0.1483129010605108, 1791403627287602543, 
-0.11631077527999878, -0.05563122034072876, 0.12142164205267089, 1791403627318008880, 
0.466077983379364, -0.12741249799728394, 0.12301371484868326, 1791403627347629116, 
-0.36371558904647827, 0.23805910348892212, 0.1024193485426104, 1791403627377665233, 
-0.10959184169769287, -0.19677400588989258, 0.1110071768938301, 1791403627407688689, 
-0.4012572765350342, -0.08522999286651611, 0.1515115829578748, 1791403627436811409, 
0.15943104028701782, 0.38451725244522095, 0.1124734493986404, 1791403627467984466, 
0.15566307306289673, -0.0917544960975647, 0.06788988611001279, 1791403627500489887, 
-0.609586238861084, -0.4443966746330261, 0.10854374828798935, 1791403627527943237, 
0.2771006226539612, 0.19126230478286743, 0.1514026399831522, 1791403627557954679, 
0.08409357070922852, 0.40691256523132324, 0.147351714860994, 1791403627588018076, 
0.2095692753791809, -0.42347538471221924, 0.11425407745218812, 1791403627618084899, 
-0.2906306982040405, -0.17460274696350098, 0.11738324609955995, 1791403627648078863, 
-0.14572495222091675, 0.33051592111587524, 0.12434103932877807, 1791403627678180097, 
-0.11487138271331787, -0.119640052318573, 0.12154242411176, 1791403627708237334, 
0.1292557716369629, 0.03784501552581787, 0.10682374779646336, 1791403627740462883, 
0.012583434581756592, 0.1789799928665161, 0.10712972256015196, 1791403627770628365, 
0.023854851722717285, -0.27213168144226074, 0.1279277010884522, 1791403627797349291, 
-0.08745229244232178, -0.13973551988601685, 0.13499031090719543, 1791403627828388423, 
-0.1522921919822693, 0.44603294134140015, 0.12353577337587837, 1791403627858438266, 
-0.010813415050506592, -0.052357375621795654, 0.09759551261800946, 1791403627888522084, 
-0.236913800239563, -0.49419260025024414, 0.1173540086079448, 1791403627918566639, 
0.17854058742523193, 0.19826871156692505, 0.14688713593735597, 1791403627948672252, 
-0.009614646434783936, 0.49181610345840454, 0.10354655628446878, 1791403627980165165, 
0.08051615953445435, -0.3539709448814392, 0.08843950367124848, 1791403628011750604, 
-0.13740581274032593, -0.11017578840255737, 0.12907274648404443, 1791403628047866333, 
0.01650911569595337, 0.16352880001068115, 0.12238939054124169, 1791403628078889802, 
-0.09069281816482544, 0.0023969411849975586, 0.1091017158398874, 1791403628108948826, 
0.20966720581054688, 0.15167611837387085, 0.1097959693673099, 1791403628140078743, 
-0.32519102096557617, 0.08786958456039429, 0.10353634257524529, 1791403628172425270, 
0.0581737756729126, -0.2991648316383362, 0.13711608317431284, 1791403628209047649, 
0.41667771339416504, 0.19657254219055176, 0.14673563239042767, 1791403628239099227, 
0.008225977420806885, 0.34429216384887695, 0.11109591493261627, 1791403628269109541, 
0.08232617378234863, -0.47533118724823, 0.11523932604175229, 1791403628300197196, 
-0.16576159000396729, -0.12162339687347412, 0.14145120480850507, 1791403628332176480, 
0.337127149105072, 0.37174350023269653, 0.13202217364811927, 1791403628369295888, 
-0.02121567726135254, -0.1037592887878418, 0.08019922220444951, 1791403628398369146, 
-0.34084653854370117, -0.19555866718292236, 0.117109735360758, 1791403628429427659, 
-0.14949959516525269, 0.13083428144454956, 0.14869978683722243, 1791403628460026281, 
0.06939756870269775, 0.0638628602027893, 0.10982758467303101, 1791403628492320328, 
-0.04391604661941528, -0.057653963565826416, 0.11636301653979882, 1791403628519698533, 
-0.16835826635360718, 0.04400116205215454, 0.11985220643083853, 1791403628549594463, 
-0.0733269453048706, -0.02785944938659668, 0.1237684354969339, 1791403628579664489, 
0.21665775775909424, -0.1536685824394226, 0.1390019224665459, 1791403628609686731, 
0.041243016719818115, 0.2925441861152649, 0.13275599008655437, 1791403628639761891, 
-0.2621787190437317, 0.1473451852798462, 0.0997880565542545, 1791403628669825838, 
-0.0026230216026306152, -0.5011011958122253, 0.10011337140033878, 1791403628700648877, 
-0.19672667980194092, 0.07824963331222534, 0.12924748064474942, 1791403628732515426, 
0.12588322162628174, 0.3988730311393738, 0.14098450434335885, 1791403628759967475, 
0.06391197443008423, -0.1357802152633667, 0.08544846567094337, 1791403628790064451, 
-0.1305861473083496, -0.23286104202270508, 0.09600075551148543, 1791403628820105152, 
-0.23845350742340088, 0.2625500559806824, 0.14061661685854193, 1791403628850308328, 
0.16955840587615967, 0.059398531913757324, 0.1545536156825557, 1791403628880199531, 
-0.34932398796081543, -0.01603001356124878, 0.10704407126023983, 1791403628910480569, 
0.48223012685775757, -0.24867868423461914, 0.11313970350365948, 1791403628940263263, 
-0.3452625870704651, 0.07426118850708008, 0.11930525325624032, 1791403628972205928, 
-0.3762214183807373, -0.0058342814445495605, 0.15455405973747552, 1791403629000387744, 
0.13691771030426025, 0.09941834211349487, 0.12153066908160934, 1791403629029427401, 
0.0030252933502197266, 0.1343333125114441, 0.07728463271863652, 1791403629060433649, 
0.38396763801574707, -0.31816256046295166, 0.10325415007231926, 1791403629090502677, 
-0.04401761293411255, 0.04404032230377197, 0.12822002080041772, 1791403629120555430, 
-0.007699072360992432, 0.3486385941505432, 0.11696736961677676, 1791403629150565208, 
0.18442696332931519, -0.19016796350479126, 0.09070503702400877, 1791403629180671457, 
-0.2605521082878113, -0.2539903521537781, 0.09745472136753963, 1791403629211771470, 
-0.0372614860534668, 0.17692714929580688, 0.10981251035559335, 1791403629244065082, 
0.0698474645614624, 0.17042088508605957, 0.1246015831565958, 1791403629270832328, 
0.19453591108322144, -0.13938331604003906, 0.10819178068071107, 1791403629300822625, 
-0.04653811454772949, -0.014883995056152344, 0.1065666819214954, 1791403629330863037, 
-0.15533816814422607, 0.101021409034729, 0.11284188958362738, 1791403629360886217, 
-0.1320781111717224, -0.1350908875465393, 0.1290216686285594, 1791403629391010397, 
0.11753576993942261, 0.18973928689956665, 0.12465742937259662, 1791403629421077828, 
0.23664319515228271, 0.22142142057418823, 0.07295073858232276, 1791403629452674401, 
-0.12709081172943115, -0.4150506258010864, 0.08216881812805273, 1791403629484147901, 
0.03043651580810547, -0.09883791208267212, 0.15699592143789728, 1791403629511233043, 
0.17717194557189941, 0.5377613306045532, 0.1265860143428135, 1791403629541229260, 
-0.00396883487701416, -0.03722602128982544, 0.07554259066490314, 1791403629571245741, 
-0.27604061365127563, -0.5267816185951233, 0.11304044214839959, 1791403629601316494, 
0.02147221565246582, 0.1884283423423767, 0.15839178942298127, 1791403629631348259, 
0.20900607109069824, 0.4787050485610962, 0.12034119529971057, 1791403629660445110, 
-0.142669677734375, -0.37910664081573486, 0.07812977576036396, 1791403629691506750, 
-0.5078973770141602, -0.28505420684814453, 0.10071175112350181, 1791403629724753937, 
0.7866880297660828, 0.2903245687484741, 0.14245179377096553, 1791403629751638065, 
-0.2785998582839966, -0.07497626543045044, 0.11416734609924924, 1791403629781602232, 
-0.09786587953567505, -0.02913600206375122, 0.11459265335322312, 1791403629811635503, 
0.13793957233428955, 0.15846091508865356, 0.1094784811970086, 1791403629841746010, 
-0.23601531982421875, -0.15814346075057983, 0.1113656850581518, 1791403629871755451, 
0.4567911624908447, -0.1473032832145691, 0.14257036675161613, 1791403629901837390, 
-0.11664694547653198, 0.3790474534034729, 0.12298280494910077, 1791403629932321248, 
0.09118574857711792, -0.053791582584381104, 0.08761501120584851, 1791403629964682976, 
-0.24603235721588135, -0.4224238395690918, 0.11796302861626629, 1791403629992009354, 
0.06377387046813965, 0.1167859435081482, 0.14534947077441482, 1791403630022001744, 
-0.06258004903793335, 0.43591010570526123, 0.11069296104068661, 1791403630052078458, 
0.11410212516784668, -0.1986548900604248, 0.08984822770787235, 1791403630082102449, 
-0.15453648567199707, -0.11161601543426514, 0.11712078487513625, 1791403630112162113, 
0.05094707012176514, 0.17977482080459595, 0.15016471148538746, 1791403630142195505, 
-0.15222370624542236, 0.0030654072761535645, 0.12137361511221267, 1791403630172686368, 
0.21065008640289307, -0.10129636526107788, 0.08665591737311922, 1791403630204209162, 
-0.18977171182632446, 0.08080971240997314, 0.1022852959150507, 1791403630234884024, 
-0.22602230310440063, 0.014211952686309814, 0.12979102701278897, 1791403630272406860, 
-0.009303510189056396, 0.07164227962493896, 0.12072413672477637, 1791403630302441331, 
-0.20183151960372925, 0.20141232013702393, 0.09761203041451245, 1791403630332583170, 
0.13260376453399658, -0.1386643648147583, 0.09364021306628419, 1791403630364606232, 
-0.27433979511260986, -0.18567615747451782, 0.11687073818564779, 1791403630395278548, 
0.38800299167633057, 0.33496659994125366, 0.14475283816482515, 1791403630422893294, 
-0.10130637884140015, 0.039273202419281006, 0.09703753922254847, 1791403630452940541, 
-0.09923559427261353, -0.4122691750526428, 0.09312582114256462, 1791403630481793325, 
0.057549476623535156, 0.09490633010864258, 0.1229981639738229, 1791403630512839010, 
0.23012328147888184, 0.34818506240844727, 0.14083891635839552, 1791403630542894824, 
-0.00856250524520874, -0.1430739164352417, 0.11044705898834906, 1791403630573009330, 
-0.47751808166503906, 0.007063567638397217, 0.09650726459869775, 1791403630604232826, 
-0.14042186737060547, 0.13241618871688843, 0.09649739778077003, 1791403630636478228, 
-0.24127912521362305, -0.11158782243728638, 0.1454333463230923, 1791403630663125038, 
0.13797527551651, 0.09120863676071167, 0.13122102388138732, 1791403630693158413, 
0.3612232208251953, 0.21470379829406738, 0.0929519921062396, 1791403630716216564, 
-0.29553502798080444, -0.23088973760604858, 0.0961475967357476, 1791403630753223514, 
-0.1937493085861206, -0.14592617750167847, 0.13287899335502376, 1791403630783225000, 
-0.045255064964294434, 0.2936388850212097, 0.14589786515446282, 1791403630813359851, 
0.4137144684791565, 0.21741360425949097, 0.0879687702839472, 1791403630844501373, 
0.00391995906829834, -0.3592497706413269, 0.07573009492776989, 1791403630876683662, 
-0.22689861059188843, -0.08790832757949829, 0.15035542348521588, 1791403630902561462, 
-0.11203449964523315, 0.28376901149749756, 0.12740312883434876, 1791403630933607255, 
0.1507740616798401, 0.04567229747772217, 0.1003523896295359, 1791403630963612139, 
-0.10225099325180054, -0.1536623239517212, 0.10053810832262795, 1791403630993661076, 
-0.21804410219192505, -0.017920970916748047, 0.11538163227313669, 1791403631023699731, 
-0.013877689838409424, -0.0023021697998046875, 0.11336867864939618, 1791403631053816314, 
0.21681231260299683, 0.05049377679824829, 0.12137363670979548, 1791403631083813684, 
0.19553667306900024, 0.15292543172836304, 0.10460034667463254, 1791403631116219600, 
-0.12190186977386475, -0.37189120054244995, 0.10198736845268659, 1791403631153900702, 
-0.4396800398826599, -0.2310848832130432, 0.12406068211222068, 1791403631183944261, 
0.21204930543899536, 0.4343896508216858, 0.13654572672991372, 1791403631214000693, 
0.15544205904006958, 0.27343839406967163, 0.08599345213040688, 1791403631244739142, 
-0.20009124279022217, -0.5402948260307312, 0.07920288323562337, 1791403631276186394, 
-0.25150173902511597, -0.10322010517120361, 0.13775542865022672, 1791403631304206227, 
-0.08992505073547363, 0.4448050856590271, 0.12207085853063086, 1791403631334934300, 
0.5680686235427856, -0.09027951955795288, 0.094442228224088, 1791403631363805802, 
-0.42514562606811523, -0.27522844076156616, 0.09007611708724386, 1791403631394870078, 
-0.29258614778518677, 0.16738897562026978, 0.10387250642846468, 1791403631424823124, 
0.1739051342010498, 0.002356112003326416, 0.11892974311751961, 1791403631454870329, 
0.032399654388427734, 0.06923019886016846, 0.12076836933921632, 1791403631484871511, 
0.20425480604171753, 0.08688831329345703, 0.10382102769523492, 1791403631516695328, 
0.18928027153015137, -0.05303680896759033, 0.10331864823835579, 1791403631546340997, 
0.005795300006866455, -0.2379661202430725, 0.1270973015341058, 1791403631574990533, 
-0.06979310512542725, 0.2665939927101135, 0.12913278646909582, 1791403631604892149, 
-0.0999804139137268, 0.20903301239013672, 0.1032029658166412, 1791403631634940846, 
-0.010892927646636963, -0.4023202657699585, 0.09349076954315767, 1791403631664926474, 
0.205824613571167, -0.07371920347213745, 0.12199618854433096, 1791403631695079868, 
0.1527324914932251, 0.39022117853164673, 0.1217161569288138, 1791403631725145977, 
-0.004949092864990234, 0.012060046195983887, 0.08026619471934396, 1791403631757361528, 
-0.20021259784698486, -0.3222334384918213, 0.08864111667622508, 1791403631788248212, 
0.018966853618621826, 0.043238282203674316, 0.1438109951483782, 1791403631815163797, 
-0.020674824714660645, 0.24742650985717773, 0.12163919617354338, 1791403631845141352, 
-0.06732630729675293, -0.08766412734985352, 0.09612306144181472, 1791403631875166298, 
0.09614819288253784, 0.08429569005966187, 0.10064903512235475, 1791403631905208045, 
0.04399484395980835, 0.13856685161590576, 0.11200314749366858, 1791403631935223489, 
0.29007160663604736, -0.13793140649795532, 0.12275424560416236, 1791403631964586361, 
-0.14883095026016235, 0.23218852281570435, 0.09955406011359184, 1791403631996267435, 
-0.0367124080657959, 0.15104281902313232, 0.08005143652054203, 1791403632027846007, 
0.06300675868988037, -0.427573561668396, 0.09860513632813303, 1791403632055423882, 
-0.11252778768539429, -0.015826165676116943, 0.1268008243258144, 1791403632085437573, 
0.06522363424301147, 0.48916226625442505, 0.11737232081838045, 1791403632115460958, 
-0.10492050647735596, -0.047261595726013184, 0.07982944914255898, 1791403632145490558, 
0.6121965050697327, -0.4142490029335022, 0.10399992784743997, 1791403632174548288, 
-0.35693883895874023, 0.21560370922088623, 0.13670421882075276, 1791403632205617715, 
0.09196227788925171, 0.3462809920310974, 0.1472837204515327, 1791403632236332970, 
-0.13557612895965576, -0.24444526433944702, 0.07343818056606853, 1791403632268283265, 
-0.6186906099319458, -0.267569363117218, 0.06073026844696705, 1791403632294799422, 
0.3484967350959778, 0.21246755123138428, 0.09713355563303655, 1791403632325823443, 
-0.21588361263275146, 0.10832279920578003, 0.1267270597429701, 1791403632355873144, 
0.1993362307548523, -0.04491782188415527, 0.10431924560480756, 1791403632385895962, 
-0.38691145181655884, -0.04602020978927612, 0.09059187442100199, 1791403632415975730, 
0.08631223440170288, -0.055976808071136475, 0.10243429175890517, 1791403632446046315, 
-0.02774345874786377, -0.10304009914398193, 0.12793370012122396, 1791403632476758666, 
-0.01718240976333618, 0.24246525764465332, 0.10722055003275119, 1791403632508295011, 
-0.15805166959762573, 0.09543240070343018, 0.08229445002478554, 1791403632536186710, 
-0.10618454217910767, -0.3693920373916626, 0.09001472294880299, 1791403632566190081, 
-0.07250255346298218, 0.07090044021606445, 0.14294906120199227, 1791403632596198498, 
0.23347729444503784, 0.5304136872291565, 0.11737730421163158, 1791403632618316483, 
-0.06432801485061646, -0.1640724539756775, 0.08214288499643872, 1791403632656327398, 
-0.4708153009414673, -0.27377015352249146, 0.10506648155747682, 1791403632686356142, 
0.08463263511657715, 0.12626010179519653, 0.15488071812666282, 1791403632716477619, 
-0.2171972393989563, 0.2341066598892212, 0.1172371868467073, 1791403632748278103, 
0.2702716588973999, -0.18922245502471924, 0.10178754590115736, 1791403632777853937, 
-0.16830766201019287, -0.04755687713623047, 0.1140985056430607, 1791403632806576785, 
0.07429605722427368, 0.07846307754516602, 0.11279769845471192, 1791403632836657607, 
-0.03537905216217041, -0.11158853769302368, 0.11374468779898506, 1791403632866720415, 
0.2353571057319641, 0.18816804885864258, 0.1213096403769122, 1791403632896745859, 
0.095977783203125, 0.23687958717346191, 0.09461890479388482, 1791403632926844487, 
-0.17279189825057983, -0.4594495892524719, 0.09950130001772121, 1791403632956892066, 
0.2164468765258789, -0.017056405544281006, 0.11912703259121524, 1791403632989045870, 
-0.4623647928237915, 0.5827513337135315, 0.10501535891001153, 1791403633020326830, 
0.18447846174240112, -0.13801854848861694, 0.0750215321815778, 1791403633047045978, 
-0.3877788186073303, -0.418063759803772, 0.09336645889645585, 1791403633077022690, 
-0.04587668180465698, 0.13776689767837524, 0.13309511735227902, 1791403633107059984, 
0.18506425619125366, 0.32707464694976807, 0.1171317076869051, 1791403633137101710, 
-0.30949658155441284, -0.1170729398727417, 0.09338659884032945, 1791403633167191937, 
-0.12523812055587769, -0.11081093549728394, 0.10027331911215415, 1791403633197260772, 
-0.10830563306808472, 0.16491025686264038, 0.11308952250831722, 1791403633228586049, 
0.3390665650367737, -0.043716371059417725, 0.10885189599685881, 1791403633260636478, 
-0.1231340765953064, 0.07631999254226685, 0.12064205101267757, 1791403633287482767, 
-0.23689866065979004, 0.016823232173919678, 0.09535298995113971, 1791403633317496040, 
0.006987154483795166, -0.22927343845367432, 0.09914610503389888, 1791403633347479448, 
0.09260493516921997, -0.07288825511932373, 0.11763870875632913, 1791403633377530604, 
-0.21225202083587646, 0.39335787296295166, 0.09674761793348924, 1791403633406605502, 
-0.029730618000030518, -0.011421024799346924, 0.06427354905149374, 1791403633436663481, 
-0.06841456890106201, -0.44161927700042725, 0.08898997416122895, 1791403633468292794, 
0.2313382625579834, 0.1357927918434143, 0.09671463122921868, 1791403633500749548, 
0.37390291690826416, 0.4777179956436157, 0.08323102757250486, 1791403633528151035, 
-0.381480872631073, -0.4146013855934143, 0.08103287868480662, 1791403633557900183, 
0.05375874042510986, -0.15920913219451904, 0.11521021439300348, 1791403633587942705, 
0.07811892032623291, 0.3341367840766907, 0.12667468432862064, 1791403633617949484, 
0.14761823415756226, 0.028421759605407715, 0.09505127299500046, 1791403633648010528, 
-0.16946977376937866, -0.08161067962646484, 0.08358648112336577, 1791403633678048458, 
-0.39255088567733765, -0.06159323453903198, 0.1056354533140612, 1791403633708558489, 
0.03082132339477539, 0.0074307918548583984, 0.10715002283281261, 1791403633740336949, 
0.506123960018158, 0.03799128532409668, 0.12231723326636516, 1791403633768243079, 
-0.36738789081573486, 0.33271604776382446, 0.09989627969348194, 1791403633798237006, 
-0.42395520210266113, -0.20896607637405396, 0.11770968197135832, 1791403633828294022, 
0.264662504196167, -0.30766981840133667, 0.10249030384594966, 1791403633858333007, 
-0.09928816556930542, 0.3249475955963135, 0.0910050089429677, 1791403633888506369, 
0.055787622928619385, 0.30853158235549927, 0.09606230257970044, 1791403633918468017, 
0.09304499626159668, -0.29757189750671387, 0.07933445694640438, 1791403633949042953, 
-0.40902793407440186, -0.2098713517189026, 0.10185988247994233, 1791403633980342557, 
0.11216455698013306, 0.25474345684051514, 0.14137048553635, 1791403634010594066, 
-0.016537010669708252, 0.14168888330459595, 0.11581750206568729, 1791403634038612855, 
-0.05260223150253296, -0.3829665184020996, 0.09528257127159254, 1791403634068702073, 
0.0760197639465332, 0.03064107894897461, 0.12693109094745492, 1791403634098731221, 
0.20273828506469727, 0.3917520046234131, 0.10795641210112342, 1791403634128926628, 
0.054733216762542725, -0.20771372318267822, 0.07824007203178089, 1791403634158920029, 
-0.2382965087890625, -0.03598672151565552, 0.09966580233840362, 1791403634189014955, 
-0.12003564834594727, 0.17903542518615723, 0.11213946388471605, 1791403634220873137, 
0.06750798225402832, -0.11888432502746582, 0.10809112081624461, 1791403634251767065, 
-0.06604772806167603, -0.08023005723953247, 0.11139394410117157, 1791403634279078280, 
0.04685312509536743, 0.2273462414741516, 0.09955456078257423, 1791403634309104220, 
0.09589272737503052, -0.1642513871192932, 0.08569608186633303, 1791403634339154676, 
0.07365363836288452, -0.2927698493003845, 0.10063049263432668, 1791403634369227546, 
-0.10143119096755981, 0.37363147735595703, 0.12333183811211776, 1791403634399881068, 
0.08619213104248047, 0.19709855318069458, 0.10258921788193064, 1791403634429956891, 
-0.06461107730865479, -0.4789225459098816, 0.07087940618596719, 1791403634460909074, 
-0.15137910842895508, 0.08822411298751831, 0.10545590116264815, 1791403634492466156, 
-0.04723149538040161, 0.3158944845199585, 0.1422196462757565, 1791403634519979171, 
-0.057156383991241455, -0.05462449789047241, 0.08331379178093255, 1791403634550124946, 
0.332705557346344, -0.25133997201919556, 0.07964376250326957, 1791403634580002781, 
-0.49613243341445923, 0.28493642807006836, 0.11366208240865129, 1791403634610025132, 
-0.2901809811592102, -0.040827155113220215, 0.12998375864177084, 1791403634640022888, 
0.13654214143753052, -0.20644450187683105, 0.07752200545593879, 1791403634670128499, 
-0.031099796295166016, 0.24862539768218994, 0.08061018495035509, 1791403634700373705, 
0.257560133934021, 0.11529040336608887, 0.08900733040568327, 1791403634732658477, 
0.05875927209854126, -0.2601253390312195, 0.10919687242024033, 1791403634760060757, 
-0.1646134853363037, 0.07490122318267822, 0.12044279753381927, 1791403634790145895, 
0.02691870927810669, 0.2632722854614258, 0.09741141627692966, 1791403634820169258, 
-0.15711545944213867, -0.2527545094490051, 0.0783851542084508, 1791403634850183515, 
0.03452795743942261, -0.17825788259506226, 0.10466847224500421, 1791403634880262232, 
0.021283984184265137, 0.41427135467529297, 0.1265327039006658, 1791403634910252158, 
0.2431749701499939, 0.09742152690887451, 0.10731078350650705, 1791403634940378800, 
-0.060910940170288086, -0.3549875020980835, 0.08526910266655173, 1791403634972612468, 
-0.2925463914871216, 0.022410690784454346, 0.12395748825295025, 1791403635000302064, 
-0.11482852697372437, 0.4132685661315918, 0.09894599586896637, 1791403635030435077, 
0.31517356634140015, -0.17156076431274414, 0.08563258950164118, 1791403635060384825, 
0.10881495475769043, -0.06306833028793335, 0.0913519629547086, 1791403635090656904, 
0.1311628222465515, 0.30147165060043335, 0.10175599488067567, 1791403635120664855, 
-0.029218018054962158, -0.18151003122329712, 0.08914289898992246, 1791403635150854749, 
-0.1820923089981079, -0.11448931694030762, 0.107382226998326, 1791403635180663357, 
-0.11834228038787842, 0.2919160723686218, 0.10167101779211644, 1791403635212567035, 
0.16569823026657104, -0.04243731498718262, 0.08923888870596444, 1791403635240716219, 
-0.13486534357070923, -0.2896242141723633, 0.09303022068717341, 1791403635270741460, 
-0.061955273151397705, 0.270020067691803, 0.11958778454814674, 1791403635300705483, 
-0.026241421699523926, 0.21258747577667236, 0.10599937885437308, 1791403635330770318, 
-0.35919398069381714, -0.3883097171783447, 0.08605955765847992, 1791403635359801229, 
0.5966998934745789, -0.04322612285614014, 0.11266895397253766, 1791403635390874822, 
-0.4479144215583801, 0.6588956117630005, 0.10591747250480187, 1791403635420908654, 
0.3521777391433716, -0.28952592611312866, 0.07470966431504082, 1791403635453021361, 
0.09854549169540405, -0.3231191635131836, 0.09335833141031002, 1791403635483662768, 
-0.11107677221298218, 0.28783637285232544, 0.13048991018941328, 1791403635511048431, 
0.2692323923110962, 0.24544787406921387, 0.08566915318346896, 1791403635541096024, 
0.1368168592453003, -0.19988882541656494, 0.05895887488438262, 1791403635564405930, 
-0.1698373556137085, 0.031613290309906006, 0.1122543922112806, 1791403635601201460, 
-0.13503938913345337, 0.24622976779937744, 0.11952313864914679, 1791403635631270111, 
0.07513725757598877, -0.17774075269699097, 0.08660649410835145, 1791403635661499118, 
0.12090206146240234, 0.1060895323753357, 0.08144545167179305, 1791403635693240401, 
-0.1126251220703125, 0.14161348342895508, 0.10161269953910126, 1791403635724687905, 
-0.005616664886474609, -0.1790616512298584, 0.10727485433634085, 1791403635751507770, 
0.06166112422943115, -0.0736197829246521, 0.0893618632466177, 1791403635781506844, 
0.10925102233886719, 0.30013322830200195, 0.10403148766101578, 1791403635811567386, 
0.02879875898361206, 0.036865174770355225, 0.0993057937213437, 1791403635841613560, 
-0.25565212965011597, -0.3268018364906311, 0.08995064616471536, 1791403635871649587, 
0.003920376300811768, 0.10506510734558105, 0.12315372323002736, 1791403635901707587, 
0.24321144819259644, 0.3813701272010803, 0.10655648888960904, 1791403635931785180, 
0.08155369758605957, -0.19684255123138428, 0.07561838988753775, 1791403635962804178, 
-0.2319841980934143, -0.2926065921783447, 0.10264537583599762, 1791403635991916746, 
-0.1896451711654663, 0.19317024946212769, 0.1243062274427214, 1791403636021858104, 
0.31501829624176025, 0.23368746042251587, 0.09519221795394547, 1791403636051984797, 
0.03313589096069336, -0.14250409603118896, 0.07361499901940073, 1791403636081982392, 
-0.2909298539161682, -0.1151047945022583, 0.10048780894937674, 1791403636112044959, 
-0.28040552139282227, 0.1655983328819275, 0.11810925181277133, 1791403636142122451, 
-0.07103419303894043, -0.04658615589141846, 0.10462601932186355, 1791403636172750399, 
0.7183127403259277, 0.10093808174133301, 0.08735388400257368, 1791403636205099711, 
-0.4609105587005615, 0.08922344446182251, 0.10157062519984106, 1791403636232280519, 
-0.2794901728630066, -0.21459990739822388, 0.1150225477206734, 1791403636262286775, 
0.33364713191986084, 0.007773041725158691, 0.12904420961390908, 1791403636292351352, 
-0.17876601219177246, 0.42192643880844116, 0.0906476490054892, 1791403636322418114, 
0.28680992126464844, -0.2070891261100769, 0.06930708259364748, 1791403636352432628, 
-0.24644720554351807, -0.4024171233177185, 0.09695132943301928, 1791403636382484773, 
-0.03858745098114014, 0.39620983600616455, 0.12098985427134841, 1791403636412708007, 
-0.10551619529724121, 0.37938427925109863, 0.0834598977618656, 1791403636444523112, 
-0.13560211658477783, -0.4178222417831421, 0.07563572189156392, 1791403636474721911, 
-0.16782152652740479, -0.14565038681030273, 0.12238823624642602, 1791403636502699196, 
0.0042763352394104, 0.35790228843688965, 0.12123278826017933, 1791403636532742702, 
0.1506747603416443, 0.07030248641967773, 0.10592337276410743, 1791403636560810670, 
-0.10025429725646973, -0.2702605128288269, 0.0947733379631981, 1791403636592846822, 
-0.002043783664703369, 0.024295330047607422, 0.10173441484182798, 1791403636623217933, 
0.051568448543548584, 0.13604867458343506, 0.10030785880827428, 1791403636653122187, 
-0.12338334321975708, -0.0016438961029052734, 0.09379675495891648, 1791403636684819229, 
0.003506898880004883, 0.1531144380569458, 0.09482722894557878, 1791403636715723999, 
-0.040598928928375244, -0.10916775465011597, 0.08738967234278089, 1791403636743176484, 
-0.13816910982131958, -0.2688416838645935, 0.09899260477699495, 1791403636773154267, 
0.21997421979904175, 0.31758588552474976, 0.12081303803137106, 1791403636803208962, 
0.016878187656402588, 0.37886881828308105, 0.0875890949487989, 1791403636833234481, 
-0.0438767671585083, -0.4984697103500366, 0.06522659081690496, 1791403636863264386, 
-0.17113423347473145, -0.17729949951171875, 0.1092724773972446, 1791403636893332268, 
0.12547940015792847, 0.498399555683136, 0.12307787434551819, 1791403636924650320, 
0.24292749166488647, 0.13847321271896362, 0.0795427143290664, 1791403636956517138, 
-0.12037509679794312, -0.4538176655769348, 0.08405001612956398, 1791403636983514695, 
0.19527852535247803, 0.048188209533691406, 0.11950474285048666, 1791403637013560903, 
-0.2579847574234009, 0.31568944454193115, 0.11588623678423393, 1791403637043581987, 
0.1780962347984314, -0.04231548309326172, 0.08015284167902474, 1791403637073641385, 
-0.24084866046905518, -0.06796133518218994, 0.08110421998454694, 1791403637103697060, 
-0.0650436282157898, 0.0206567645072937, 0.09976635482532564, 1791403637132812038, 
0.1469668745994568, -0.15887659788131714, 0.10390842801188607, 1791403637165245434, 
-0.30664145946502686, 0.15028011798858643, 0.11224340114677997, 1791403637195529815, 
-0.023883163928985596, 0.11941730976104736, 0.09343489043835305, 1791403637223933597, 
-0.08949029445648193, -0.32378172874450684, 0.07749696231238283, 1791403637253957363, 
0.18357336521148682, -0.10493719577789307, 0.1143801585116856, 1791403637283989877, 
0.2138872742652893, 0.37818801403045654, 0.12366489111706765, 1791403637314060874, 
-0.035640180110931396, 0.24836409091949463, 0.07893684306043994, 1791403637344051669, 
-0.23684650659561157, -0.5394967198371887, 0.056837569501703995, 1791403637374131721, 
-0.2641487121582031, -0.04173314571380615, 0.10331102077328294, 1791403637403779430, 
0.17876684665679932, 0.5262638926506042, 0.11596392898666105, 1791403637436561669, 
0.08840721845626831, 0.02542668581008911, 0.08887115277570472, 1791403637464347250, 
-0.17359542846679688, -0.40689194202423096, 0.08362186282697869, 1791403637494436975, 
-0.13110816478729248, 0.04121667146682739, 0.12093229277819267, 1791403637524375209, 
0.07604706287384033, 0.2147102952003479, 0.11691707773351973, 1791403637555076706, 
-0.016557276248931885, -0.09567952156066895, 0.09199385450272342, 1791403637585086420, 
-0.19426625967025757, -0.02466028928756714, 0.0832471428433985, 1791403637615126416, 
0.0767827033996582, 0.046611011028289795, 0.09809449018930454, 1791403637645225699, 
0.1779344081878662, -0.1578029990196228, 0.09639434162274568, 1791403637677008032, 
-0.0490533709526062, 0.2030743956565857, 0.08895236075969834, 1791403637707020354, 
-0.1251392364501953, 0.14767128229141235, 0.07768290873651358, 1791403637735193941, 
0.12901461124420166, -0.39806169271469116, 0.07927588736328059, 1791403637765264348, 
0.021133124828338623, -0.22635418176651, 0.12279901663171888, 1791403637795201330, 
0.25860899686813354, 0.47355127334594727, 0.10312747817447113, 1791403637825235899, 
-0.20470333099365234, 0.19625312089920044, 0.06608483999769223, 1791403637855226151, 
-0.12319779396057129, -0.4990531802177429, 0.06562554703574083, 1791403637885312370, 
-0.164439857006073, -0.08107447624206543, 0.11865448142949393, 1791403637916850355, 
-0.15416359901428223, 0.49815833568573, 0.10400863309860195, 1791403637948154664, 
0.2123504877090454, -0.008308589458465576, 0.0730122922640151, 1791403637975401171, 
-0.38980454206466675, -0.4389411211013794, 0.08494247412765125, 1791403638005358807, 
-0.12276148796081543, -0.0012006163597106934, 0.08356309283812892, 1791403638028536829, 
0.014881730079650879, 0.1796663999557495, 0.11580205493053548, 1791403638055454461, 
-0.046714961528778076, -0.018235623836517334, 0.09805233401579008, 1791403638085491333, 
-0.055079519748687744, 0.055436789989471436, 0.10141686541563016, 1791403638115534079, 
-0.10960698127746582, 0.056535542011260986, 0.09331858213212686, 1791403638145503900, 
0.04436075687408447, -0.16588038206100464, 0.0997355548829135, 1791403638175537672, 
0.16715306043624878, 0.039882540702819824, 0.1117005566233833, 1791403638205603852, 
0.048744916915893555, 0.21577471494674683, 0.09110167857112804, 1791403638236606470, 
0.08661597967147827, -0.2402530312538147, 0.0737396110500197, 1791403638269010560, 
-0.10159003734588623, -0.27998000383377075, 0.12675033786072318, 1791403638295825422, 
-0.11350280046463013, 0.4051416516304016, 0.12979527610797745, 1791403638324780787, 
0.05364835262298584, 0.19887298345565796, 0.07754568553070368, 1791403638355731532, 
-0.04687094688415527, -0.5419391989707947, 0.06853382446668989, 1791403638385860419, 
-0.11191463470458984, 0.014676153659820557, 0.12276781206627292, 1791403638415828362, 
0.01732569932937622, 0.5073152780532837, 0.12631234035197805, 1791403638445884761, 
0.26191848516464233, -0.14178943634033203, 0.07821423875063427, 1791403638475893013, 
0.09934240579605103, -0.3347620964050293, 0.07704296535082159, 1791403638509307524, 
-0.1510332226753235, 0.264873206615448, 0.12449380537952844, 1791403638536085927, 
0.06643146276473999, 0.09607625007629395, 0.10065880626849862, 1791403638566093536, 
0.02497386932373047, -0.21471667289733887, 0.08221409459505671, 1791403638596122206, 
-0.16900265216827393, 0.1348835825920105, 0.09548614184568628, 1791403638626208469, 
0.02287924289703369, 0.09158211946487427, 0.10349842497980381, 1791403638656216130, 
-0.12562119960784912, -0.3340088129043579, 0.08788381242465902, 1791403638686487882, 
0.22919976711273193, 0.22705525159835815, 0.10724749231168043, 1791403638716577523, 
-0.32849931716918945, 0.29880625009536743, 0.09492696674275285, 1791403638748604356, 
-0.126617431640625, -0.45014989376068115, 0.0886605350905014, 1791403638776474092, 
-0.42617136240005493, -0.20503902435302734, 0.09735528487894266, 1791403638806461161, 
0.391515851020813, 0.5003463625907898, 0.12491169444359489, 1791403638836509644, 
-0.08827376365661621, 0.2372569441795349, 0.08807907305909292, 1791403638866596200, 
-0.06429135799407959, -0.6457086205482483, 0.07171911457243557, 1791403638896591861, 
-0.03301268815994263, -0.06437987089157104, 0.09368644627145938, 1791403638926681481, 
-0.00487208366394043, 0.5050172805786133, 0.09981981536297456, 1791403638957052347, 
-0.05739468336105347, -0.027715623378753662, 0.06853644538562542, 1791403638988668152, 
-0.2065742015838623, -0.3971351981163025, 0.07313832043973803, 1791403639019446867, 
-0.04764777421951294, 0.13212573528289795, 0.11917792819475452, 1791403639046887504, 
0.3076437711715698, 0.17575013637542725, 0.10203790318715651, 1791403639076904981, 
0.03729903697967529, -0.12105727195739746, 0.08315641420048002, 1791403639106966298, 
-0.1484352946281433, -0.029621660709381104, 0.0934817528401893, 1791403639137010975, 
-0.09891712665557861, 0.11207139492034912, 0.1024408703644116, 1791403639167119983, 
-0.0399702787399292, -0.15690159797668457, 0.10056946821978258, 1791403639197154767, 
0.06694668531417847, 0.1562134027481079, 0.09424520737188036, 1791403639228659447, 
-0.08896028995513916, 0.2579306364059448, 0.07911887584096056, 1791403639260458691, 
-0.09622925519943237, -0.3214253783226013, 0.10304623912724584, 1791403639287352371, 
0.20184123516082764, -0.1934659481048584, 0.11181264076282182, 1791403639317357635, 
0.10628241300582886, 0.43481796979904175, 0.09011391561282404, 1791403639347343782, 
0.05726665258407593, 0.14541691541671753, 0.06901983996160624, 1791403639377418588, 
-0.251045286655426, -0.43435466289520264, 0.09441311694323569, 1791403639407445366, 
0.05393582582473755, 0.04837214946746826, 0.12226736460664495, 1791403639437539382, 
0.5078677535057068, 0.5331993699073792, 0.06969891078696733, 1791403639469140683, 
-0.02179098129272461, -0.24851292371749878, 0.05095642849943737, 1791403639500941878, 
-0.1594141721725464, -0.3079172372817993, 0.10652184802348601, 1791403639527744019, 
-0.31939631700515747, 0.24474632740020752, 0.1209823492901747, 1791403639557729693, 
0.4447624683380127, 0.09285879135131836, 0.10088431814667274, 1791403639586772127, 
-0.22758859395980835, -0.24605774879455566, 0.09156316253983635, 1791403639617858613, 
-0.025010228157043457, 0.017321527004241943, 0.10915805323781375, 1791403639647861727, 
-0.1611851453781128, 0.17127811908721924, 0.09851650830691366, 1791403639677947476, 
0.1540665626525879, -0.2209242582321167, 0.09338682003877413, 1791403639707988142, 
-0.08796101808547974, 0.07494884729385376, 0.08323143734442996, 1791403639740679621, 
-0.25607454776763916, 0.13109910488128662, 0.07542305117860103, 1791403639768180611, 
-0.24610984325408936, -0.2756050229072571, 0.08406277911845751, 1791403639798428915, 
0.123557448387146, 0.23253703117370605, 0.12000622277523162, 1791403639828242920, 
0.01699984073638916, 0.2934274673461914, 0.08959729170840158, 1791403639858342398, 
0.05900532007217407, -0.35254549980163574, 0.05395132734081947, 1791403639888251160, 
-0.33056777715682983, -0.1917911171913147, 0.08095387600059205, 1791403639918369038, 
0.12757694721221924, 0.3059060573577881, 0.12417638830019943, 1791403639948711027, 
0.1195785403251648, 0.18120568990707397, 0.07951380030300685, 1791403639981136651, 
-0.07873362302780151, -0.3661518692970276, 0.06019855478965588, 1791403640008519041, 
-0.19058221578598022, 0.011391282081604004, 0.10049337138282523, 1791403640038538743, 
0.05572354793548584, 0.32326847314834595, 0.11862915450339209, 1791403640068581635, 
0.33307307958602905, -0.07906287908554077, 0.0777039553285522, 1791403640098718059, 
-0.05970650911331177, -0.1289241909980774, 0.07424502871551818, 1791403640128685548, 
-0.22557342052459717, 0.07911902666091919, 0.10004797691000274, 1791403640158720694, 
-0.07373768091201782, 0.009753942489624023, 0.09575801941898116, 1791403640188737537, 
0.19920581579208374, -0.05296432971954346, 0.0754478667553853, 1791403640219790089, 
-0.12753528356552124, 0.1698945164680481, 0.08826768662121763, 1791403640249245491, 
-0.12361478805541992, 0.024025797843933105, 0.0898084957147467, 1791403640278957175, 
-0.36612164974212646, -0.3102762699127197, 0.10621786992620019, 1791403640308982766, 
0.1442965269088745, 0.05491739511489868, 0.1080075729991801, 1791403640330916162, 
0.13690799474716187, 0.3292686939239502, 0.09387229453815257, 1791403640369026804, 
0.04370194673538208, -0.3847121596336365, 0.06222587185746383, 1791403640399137040, 
-0.43033671379089355, -0.24022692441940308, 0.09869362523923439, 1791403640429389625, 
0.21758151054382324, 0.39526689052581787, 0.11205090087110159, 1791403640460665303, 
0.1287577748298645, 0.2661439776420593, 0.07849444872179479, 1791403640492071386, 
-0.1535518765449524, -0.33511650562286377, 0.08679549770249635, 1791403640529341780, 
0.04029577970504761, 0.17352932691574097, 0.11359680101263128, 1791403640559396537, 
0.07182323932647705, 0.3266143202781677, 0.09759034593534767, 1791403640589603943, 
0.09623980522155762, -0.25621122121810913, 0.06973255690805126, 1791403640621125739, 
-0.009402453899383545, -0.10437643527984619, 0.08216883108169216, 1791403640652914026, 
0.24892264604568481, 0.14367574453353882, 0.11632431537599648, 1791403640689569461, 
-0.222625732421875, 0.0025287866592407227, 0.08785945804767095, 1791403640719653923, 
-0.07261943817138672, 0.009003758430480957, 0.08541848738757252, 1791403640748812994, 
-0.10568857192993164, 0.014177083969116211, 0.07308718206683457, 1791403640780700834, 
-0.0320470929145813, -0.2182357907295227, 0.09109804878241155, 1791403640813279267, 
0.06965458393096924, 0.16674935817718506, 0.12801824093179467, 1791403640839987233, 
-0.13266193866729736, 0.29809296131134033, 0.08795967112776318, 1791403640869879758, 
-0.023034512996673584, -0.3461977243423462, 0.07868475462437755, 1791403640899917005, 
0.09607690572738647, -0.24647295475006104, 0.11836512149033392, 1791403640929971723, 
0.2008487582206726, 0.4809147119522095, 0.1303290550253476, 1791403640959055395, 
-0.12665700912475586, 0.21658271551132202, 0.07656029681752316, 1791403640990123498, 
-0.013136625289916992, -0.6205308437347412, 0.08064880802259071, 1791403641020729052, 
-0.12295877933502197, -0.05136078596115112, 0.10795836390428917, 1791403641053189142, 
0.3382534384727478, 0.5969312191009521, 0.10004827174026645, 1791403641080298821, 
-0.17250216007232666, -0.04985630512237549, 0.05684049903710969, 1791403641110303212, 
0.00721973180770874, -0.4283817410469055, 0.0730241942261105, 1791403641140339095, 
-0.2885093688964844, 0.08370834589004517, 0.10639577804436197, 1791403641170370422, 
0.2593080401420593, 0.07047820091247559, 0.10596937324082806, 1791403641200411362, 
-0.36935508251190186, 0.07088184356689453, 0.08744818807086925, 1791403641230481433, 
0.015902578830718994, 0.06134343147277832, 0.08678877610986634, 1791403641261309769, 
-0.07310593128204346, 0.09055870771408081, 0.07873393498359287, 1791403641292945250, 
0.1435876488685608, -0.35539788007736206, 0.1077670822198904, 1791403641320739513, 
0.22117525339126587, 0.4205904006958008, 0.1094681697584292, 1791403641351049163, 
-0.14679402112960815, 0.159981369972229, 0.08570703976655336, 1791403641380835297, 
-0.1112293004989624, -0.543634295463562, 0.06524225918504788, 1791403641410845207, 
-0.14978724718093872, 0.006989121437072754, 0.09910042625530346, 1791403641440842137, 
0.11230236291885376, 0.6197937726974487, 0.10216772230574515, 1791403641470914511, 
0.18162423372268677, -0.10004287958145142, 0.04280972974626058, 1791403641501009386, 
-0.2858991026878357, -0.5612967014312744, 0.04312550299454629, 1791403641533020775, 
-0.1231047511100769, 0.22075724601745605, 0.12167102855480634, 1791403641561065298, 
0.2386738657951355, 0.4392588138580322, 0.1354379890156709, 1791403641591121227, 
0.1866999864578247, -0.25784772634506226, 0.0716718715323659, 1791403641621113725, 
-0.19522905349731445, -0.25966548919677734, 0.07958561310308652, 1791403641651160773, 
-0.07245683670043945, 0.20142948627471924, 0.11808566522392815, 1791403641681219790, 
0.16242659091949463, 0.10967773199081421, 0.09520777620745448, 1791403641711254324, 
0.10944372415542603, -0.0810442566871643, 0.06411911727408125, 1791403641741363686, 
-0.0904240608215332, -0.0037410855293273926, 0.07643162125545488, 1791403641774528841, 
-0.1272209882736206, 0.014089047908782959, 0.10035033439630245, 1791403641804122081, 
0.10172265768051147, -0.07809489965438843, 0.10026559327843974, 1791403641831512140, 
-0.03591865301132202, 0.2540282607078552, 0.083275861748597, 1791403641861503671, 
-0.09747052192687988, 0.04892069101333618, 0.07247078847655503, 1791403641891551888, 
-0.2943199872970581, -0.37455111742019653, 0.07894190685573371, 1791403641921624053, 
0.053733229637145996, 0.04973900318145752, 0.11091494445121348, 1791403641951680194, 
0.17925041913986206, 0.45284926891326904, 0.09533896435225181, 1791403641981750652, 
0.1548483967781067, -0.17191332578659058, 0.048781511777426574, 1791403642013254979, 
-0.46682876348495483, -0.4863119125366211, 0.07123085179794753, 1791403642043801311, 
0.20614242553710938, 0.1848190426826477, 0.1175807095729678, 1791403642071901612, 
0.21044474840164185, 0.5076512098312378, 0.08351632631483631, 1791403642101899140, 
0.12351655960083008, -0.3348432779312134, 0.05657569402749799, 1791403642132040620, 
-0.19017177820205688, -0.30660831928253174, 0.08824372145578173, 1791403642161979072, 
0.002504110336303711, 0.2898639440536499, 0.09889495327448398, 1791403642192038218, 
0.22775161266326904, 0.13148581981658936, 0.07465642843045633, 1791403642222114091, 
-0.09147650003433228, -0.16462892293930054, 0.06713361895510757, 1791403642253027669, 
-0.19860988855361938, 0.00226515531539917, 0.08067831265667623, 1791403642285594206, 
0.08083665370941162, 0.09191840887069702, 0.1112271874486236, 1791403642312320120, 
0.07707744836807251, -0.03742408752441406, 0.09418159101567176, 1791403642342314440, 
-0.03127676248550415, 0.16137200593948364, 0.08095764553950119, 1791403642372353377, 
0.0429997444152832, 0.02780383825302124, 0.061407991806569265, 1791403642402441862, 
-0.00809168815612793, -0.2684565782546997, 0.09019878268221322, 1791403642432459661, 
0.007274448871612549, 0.11021775007247925, 0.1127847789232225, 1791403642462536978, 
0.039045870304107666, 0.3072865605354309, 0.08653091444991172, 1791403642492916966, 
-0.08414113521575928, -0.22664809226989746, 0.056984746396706254, 1791403642524970115, 
-0.02300363779067993, -0.36593812704086304, 0.11578149117835085, 1791403642552716874, 
0.19978177547454834, 0.3808867931365967, 0.1179007291784394, 1791403642582679368, 
0.14874178171157837, 0.29816770553588867, 0.07680630232052367, 1791403642612732764, 
-0.16614806652069092, -0.4241364002227783, 0.05558245440444815, 1791403642641785614, 
-0.4035041928291321, -0.16312634944915771, 0.10534173449454394, 1791403642672838440, 
0.1780937910079956, 0.36102306842803955, 0.116711102727996, 1791403642702863961, 
0.01928025484085083, 0.18577879667282104, 0.07030165179932395, 1791403642733679555, 
-0.09898191690444946, -0.3017768859863281, 0.07313300448384195, 1791403642764910957, 
-0.41325294971466064, -0.03133493661880493, 0.10954260476244713, 1791403642795591155, 
0.38742947578430176, 0.2703189253807068, 0.11309276330672269, 1791403642823138687, 
0.026399552822113037, -0.026728153228759766, 0.07648970192523381, 1791403642853209276, 
-0.12838959693908691, -0.03848159313201904, 0.08777891776838455, 1791403642883272881, 
-0.05808347463607788, 0.1846676468849182, 0.09213853418164868, 1791403642913531299, 
-0.04577958583831787, -0.22984600067138672, 0.08265550306662107, 1791403642943341116, 
0.11025089025497437, 0.06398475170135498, 0.08681803230963121, 1791403642973426652, 
0.12126046419143677, 0.20152443647384644, 0.0891232196128067, 1791403643005171710, 
-0.07513201236724854, -0.18220734596252441, 0.08304034963685945, 1791403643036182308, 
-0.021935999393463135, -0.232502281665802, 0.10589516225524476, 1791403643063529479, 
-0.017870783805847168, 0.32611435651779175, 0.09467461753862381, 1791403643093571327, 
0.11406773328781128, 0.22883111238479614, 0.05575106083795548, 1791403643117260252, 
-0.2540569305419922, -0.4266839623451233, 0.06854603131134825, 1791403643153668014, 
0.27492982149124146, 0.03914374113082886, 0.11162864750700473, 1791403643183676804, 
0.02965444326400757, 0.42676424980163574, 0.09683847064688263, 1791403643212784941, 
0.06708401441574097, -0.25012433528900146, 0.05605371487712367, 1791403643245356132, 
-0.36134785413742065, -0.3420746922492981, 0.06483497980909281, 1791403643277140421, 
0.01685255765914917, 0.2552306652069092, 0.113272286893513, 1791403643303951205, 
0.012681126594543457, 0.23590511083602905, 0.08786754075626757, 1791403643333987930, 
0.04224252700805664, -0.2647280693054199, 0.059811787845190124, 1791403643363990226, 
-0.056515634059906006, -0.07028031349182129, 0.07961775749918826, 1791403643394128788, 
-0.11265426874160767, 0.2722198963165283, 0.1008251362014503, 1791403643424143519, 
0.03836536407470703, -0.09464013576507568, 0.08890483853790963, 1791403643454182448, 
-0.2728802561759949, -0.05210787057876587, 0.07537894600121778, 1791403643484192038, 
0.12681561708450317, 0.04193317890167236, 0.0654851375887646, 1791403643517164834, 
-0.07914620637893677, -0.0605887770652771, 0.08809467852126919, 1791403643544357964, 
-0.1361539363861084, -0.08713465929031372, 0.0970993353755276, 1791403643574463942, 
0.09401100873947144, 0.2383621335029602, 0.09098639152143237, 1791403643604399023, 
0.39987194538116455, 0.10010111331939697, 0.06000692908174155, 1791403643634453542, 
-0.360004186630249, -0.4793584942817688, 0.07634690974680824, 1791403643664510691, 
-0.054331958293914795, 0.008923888206481934, 0.12381603097410733, 1791403643694565130, 
-0.01459425687789917, 0.4973859190940857, 0.10183874191928592, 1791403643725026316, 
0.33998656272888184, -0.12777036428451538, 0.04751955431130624, 1791403643757320359, 
-0.19415634870529175, -0.4588314890861511, 0.08144041477183783, 1791403643784766192, 
0.01828479766845703, 0.22262948751449585, 0.11812710524472521, 1791403643815458024, 
0.09010887145996094, 0.40451985597610474, 0.09574103007039375, 1791403643845401780, 
0.07897895574569702, -0.3006179928779602, 0.07012995835914383, 1791403643875444132, 
-0.19172990322113037, -0.16940838098526, 0.08439207760969879, 1791403643905446098, 
-0.10552436113357544, 0.22841131687164307, 0.09551990124210664, 1791403643935623540, 
-0.08556967973709106, 0.009597420692443848, 0.08497682395474, 1791403643965570250, 
0.11245089769363403, -0.01824098825454712, 0.0763411850036157, 1791403643996940926, 
-0.057980120182037354, -0.054710984230041504, 0.07648882294534128, 1791403644027357520, 
-0.1424219012260437, -0.06111133098602295, 0.0957315694157158, 1791403644055573906, 
-0.07659971714019775, -0.00015181303024291992, 0.1115776389120528, 1791403644085547498, 
0.10820740461349487, 0.23924589157104492, 0.10124499052036078, 1791403644115598563, 
0.15121889114379883, -0.034189462661743164, 0.07349240678897928, 1791403644145599930, 
-0.18603110313415527, -0.351783812046051, 0.07983285267851158, 1791403644175709914, 
0.02721869945526123, 0.13494044542312622, 0.11389743488201244, 1791403644205679883, 
-0.04348045587539673, 0.36503487825393677, 0.08803258329892998, 1791403644236917187, 
0.11121171712875366, -0.22356122732162476, 0.0541498259617109, 1791403644268877548, 
